Date,BTC-USD,ETH-USD,SPY
2018-01-01,13657.2002,772.641,
2018-01-02,14982.0996,884.444,235.3698
2018-01-03,15201.0,962.72,236.8586
2018-01-04,15599.2002,980.922,237.8568
2018-01-05,17429.5,997.72,239.442
2018-01-06,17527.0,1041.6801,
2018-01-07,16477.5996,1153.17,
2018-01-08,15170.0996,1148.53,239.8798
2018-01-09,14595.4004,1299.74,240.4228
2018-01-10,14973.2998,1255.8199,240.0549
2018-01-11,13405.7998,1154.9301,241.8064
2018-01-12,13980.5996,1273.2,243.3828
2018-01-13,14360.2002,1396.42,
2018-01-14,13772.0,1366.77,
2018-01-15,13819.7998,1291.92,
2018-01-16,11490.5,1053.6899,242.5508
2018-01-17,11188.5996,1014.25,244.8627
2018-01-18,11474.9004,1036.28,244.4512
2018-01-19,11607.4004,1039.1,245.5634
2018-01-20,12899.2002,1155.15,
2018-01-21,11600.0996,1049.58,
2018-01-22,10931.4004,1003.26,247.56
2018-01-23,10868.4004,986.229,248.0854
2018-01-24,11359.4004,1058.78,247.9891
2018-01-25,11259.4004,1056.03,248.0941
2018-01-26,11171.4004,1055.17,250.9666
2018-01-27,11440.7002,1107.0699,
2018-01-28,11786.2998,1246.01,
2018-01-29,11296.4004,1182.36,249.3026
2018-01-30,10106.2998,1071.13,246.7456
2018-01-31,10221.0996,1118.3101,246.8681
2018-02-01,9170.54,1036.79,246.5879
2018-02-02,8830.75,915.785,241.2198
2018-02-03,9174.9102,964.019,
2018-02-04,8277.0098,834.682,
2018-02-05,6955.27,697.951,231.1313
2018-02-06,7754.0,793.122,235.6851
2018-02-07,7621.2998,757.068,234.4065
2018-02-08,8265.5898,817.807,225.6142
2018-02-09,8736.9805,883.865,229.0033
2018-02-10,8621.9004,860.415,
2018-02-11,8129.9702,814.66,
2018-02-12,8926.5703,868.707,232.3661
2018-02-13,8598.3096,845.258,232.944
2018-02-14,9494.6299,923.561,236.0879
2018-02-15,10166.4004,936.976,239.1004
2018-02-16,10233.9004,944.21,239.1705
2018-02-17,11112.7002,974.115,
2018-02-18,10551.7998,923.921,
2018-02-19,11225.2998,943.865,
2018-02-20,11403.7002,895.371,237.673
2018-02-21,10690.4004,849.971,236.4908
2018-02-22,10005.0,812.845,236.7973
2018-02-23,10301.0996,864.189,240.5717
2018-02-24,9813.0703,840.515,
2018-02-25,9664.7305,844.81,
2018-02-26,10366.7002,869.315,243.3652
2018-02-27,10725.5996,878.265,240.3265
2018-02-28,10397.9004,855.199,237.892
2018-03-01,10951.0,872.2,234.4328
2018-03-02,11086.4004,856.853,235.6413
2018-03-03,11489.7002,857.225,
2018-03-04,11512.5996,866.678,
2018-03-05,11573.2998,853.684,238.3648
2018-03-06,10779.9004,816.951,238.969
2018-03-07,9965.5703,752.831,238.8815
2018-03-08,9395.0098,704.596,240.0375
2018-03-09,9337.5498,728.916,244.2146
2018-03-10,8866.0,686.89,
2018-03-11,9578.6299,723.339,
2018-03-12,9205.1201,699.831,243.9082
2018-03-13,9194.8496,690.827,242.3319
2018-03-14,8269.8096,614.291,241.0883
2018-03-15,8300.8604,611.304,240.8256
2018-03-16,8338.3496,601.666,241.0868
2018-03-17,7916.8799,552.779,
2018-03-18,8223.6797,538.644,
2018-03-19,8630.6504,556.726,237.8248
2018-03-20,8913.4697,557.175,238.2292
2018-03-21,8929.2803,561.732,237.772
2018-03-22,8728.4697,539.702,231.8284
2018-03-23,8879.6201,539.619,226.8871
2018-03-24,8668.1201,526.439,
2018-03-25,8495.7803,524.287,
2018-03-26,8209.4004,489.951,233.0944
2018-03-27,7833.04,450.116,229.1291
2018-03-28,7954.48,446.279,228.4521
2018-03-29,7165.7002,385.968,231.3712
2018-03-30,6890.52,394.645,
2018-03-31,6973.5298,396.457,
2018-04-01,6844.23,379.607,
2018-04-02,7083.7998,386.425,226.3771
2018-04-03,7456.1099,416.893,229.2786
2018-04-04,6853.8398,380.543,231.7317
2018-04-05,6811.4702,383.232,233.5605
2018-04-06,6636.3198,370.285,228.3554
2018-04-07,6911.0898,385.314,
2018-04-08,7023.52,400.508,
2018-04-09,6770.73,398.526,229.4808
2018-04-10,6834.7598,414.243,233.1297
2018-04-11,6968.3198,430.54,231.9075
2018-04-12,7889.25,492.941,233.8155
2018-04-13,7895.96,492.735,233.1297
2018-04-14,7986.2402,501.478,
2018-04-15,8329.1104,531.702,
2018-04-16,8058.6699,511.147,235.0464
2018-04-17,7902.0898,502.894,237.561
2018-04-18,8163.4199,524.789,237.7368
2018-04-19,8294.3096,567.889,236.418
2018-04-20,8845.8301,615.718,234.4133
2018-04-21,8895.5801,605.395,
2018-04-22,8802.46,621.86,
2018-04-23,8930.8799,642.548,234.3782
2018-04-24,9697.5,708.158,231.2217
2018-04-25,8845.7402,615.416,231.7932
2018-04-26,9281.5098,662.809,234.1496
2018-04-27,8987.0498,647.032,234.3694
2018-04-28,9348.4805,683.678,
2018-04-29,9419.0801,688.881,
2018-04-30,9240.5498,669.924,232.5669
2018-05-01,9119.0098,673.613,232.9802
2018-05-02,9235.9199,687.149,231.4152
2018-05-03,9743.8604,779.543,230.9052
2018-05-04,9700.7598,785.624,233.8946
2018-05-05,9858.1504,816.12,
2018-05-06,9654.7998,792.311,
2018-05-07,9373.0098,753.725,234.6859
2018-05-08,9234.8203,752.857,234.6859
2018-05-09,9325.1797,752.275,236.9543
2018-05-10,9043.9404,727.277,239.17
2018-05-11,8441.4902,679.586,239.8998
2018-05-12,8504.8896,686.048,
2018-05-13,8723.9404,733.496,
2018-05-14,8716.79,730.549,240.0141
2018-05-15,8510.3799,708.871,238.3611
2018-05-16,8368.8301,707.05,239.3634
2018-05-17,8094.3198,672.657,239.1613
2018-05-18,8250.9697,694.367,238.5634
2018-05-19,8247.1797,696.53,
2018-05-20,8513.25,715.369,
2018-05-21,8418.9902,699.222,240.357
2018-05-22,8041.7798,647.741,239.6888
2018-05-23,7557.8198,583.585,240.3481
2018-05-24,7587.3398,601.755,239.8558
2018-05-25,7480.1401,586.734,239.2844
2018-05-26,7355.8799,587.28,
2018-05-27,7368.2202,572.668,
2018-05-28,7135.9902,516.036,
2018-05-29,7472.5898,565.388,236.5323
2018-05-30,7406.52,559.59,239.6888
2018-05-31,7494.1699,577.645,238.2205
2018-06-01,7541.4502,580.043,240.5592
2018-06-02,7643.4502,591.808,
2018-06-03,7720.25,618.329,
2018-06-04,7514.4702,592.985,241.7022
2018-06-05,7633.7598,609.303,241.8781
2018-06-06,7653.98,607.124,243.9003
2018-06-07,7678.2402,605.187,243.8739
2018-06-08,7624.9199,601.077,244.5949
2018-06-09,7531.98,597.562,
2018-06-10,6786.02,526.479,
2018-06-11,6906.9199,533.284,244.9202
2018-06-12,6582.3599,496.843,245.2368
2018-06-13,6349.8999,477.494,244.4543
2018-06-14,6675.3501,519.742,245.0697
2018-06-15,6456.5801,491.004,244.757
2018-06-16,6550.1602,499.642,
2018-06-17,6499.27,500.448,
2018-06-18,6734.8198,518.891,244.2536
2018-06-19,6769.9399,537.957,243.3175
2018-06-20,6776.5498,536.268,243.7326
2018-06-21,6729.7402,527.367,242.2047
2018-06-22,6083.6899,465.817,242.6463
2018-06-23,6162.48,474.52,
2018-06-24,6173.23,457.672,
2018-06-25,6249.1802,460.31,239.3431
2018-06-26,6093.6699,432.772,239.873
2018-06-27,6157.1299,442.365,237.8859
2018-06-28,5903.4399,422.365,239.246
2018-06-29,6218.2998,436.009,239.5904
2018-06-30,6404.0,455.18,
2018-07-01,6385.8198,453.918,
2018-07-02,6614.1802,475.347,240.1027
2018-07-03,6529.5898,464.195,239.2548
2018-07-04,6597.5498,467.318,
2018-07-05,6639.1401,474.412,241.2066
2018-07-06,6673.5,474.012,243.2468
2018-07-07,6856.9302,491.66,
2018-07-08,6773.8799,489.119,
2018-07-09,6741.75,476.682,245.4371
2018-07-10,6329.9502,434.424,246.3203
2018-07-11,6394.71,446.518,244.5185
2018-07-12,6228.8101,430.074,246.7354
2018-07-13,6238.0498,434.027,246.9296
2018-07-14,6276.1201,436.086,
2018-07-15,6359.6401,449.85,
2018-07-16,6741.75,480.658,246.7089
2018-07-17,7321.04,501.002,247.7069
2018-07-18,7370.7798,480.513,248.228
2018-07-19,7466.8599,469.619,247.2918
2018-07-20,7354.1299,450.698,247.0091
2018-07-21,7419.29,462.436,
2018-07-22,7418.4902,459.657,
2018-07-23,7711.1099,450.853,247.4685
2018-07-24,8424.2695,479.373,248.7137
2018-07-25,8181.3901,472.493,250.8334
2018-07-26,7951.5801,464.037,250.2416
2018-07-27,8165.0098,469.666,248.5459
2018-07-28,8192.1504,466.898,
2018-07-29,8218.46,466.665,
2018-07-30,8180.48,457.081,247.2476
2018-07-31,7780.4399,433.867,248.4664
2018-08-01,7624.9102,420.747,248.0513
2018-08-02,7567.1499,412.621,249.4026
2018-08-03,7434.3901,418.262,250.4712
2018-08-04,7032.8501,407.252,
2018-08-05,7068.48,410.516,
2018-08-06,6951.7998,406.658,251.3897
2018-08-07,6753.1201,380.215,252.2199
2018-08-08,6305.7998,356.613,252.1139
2018-08-09,6568.23,365.588,251.7695
2018-08-10,6184.71,334.176,250.0826
2018-08-11,6295.73,322.112,
2018-08-12,6322.6899,319.57,
2018-08-13,6297.5698,286.495,249.1465
2018-08-14,6199.71,278.932,250.7362
2018-08-15,6308.52,282.364,248.8639
2018-08-16,6334.73,288.046,250.8775
2018-08-17,6580.6299,315.729,251.7607
2018-08-18,6423.7598,295.812,
2018-08-19,6506.0698,300.834,
2018-08-20,6308.5298,274.315,252.2995
2018-08-21,6488.7598,281.944,252.8912
2018-08-22,6376.71,271.341,252.7411
2018-08-23,6534.8799,277.104,252.4054
2018-08-24,6719.96,282.967,253.9247
2018-08-25,6763.1899,279.646,
2018-08-26,6707.2598,275.197,
2018-08-27,6884.6401,285.603,255.9294
2018-08-28,7096.2798,296.499,256.053
2018-08-29,7047.1602,289.312,257.4309
2018-08-30,6978.23,284.105,256.3886
2018-08-31,7037.5801,283.004,256.3975
2018-09-01,7193.25,295.341,
2018-09-02,7272.7202,294.371,
2018-09-03,7260.0601,289.259,
2018-09-04,7361.6602,285.723,255.9559
2018-09-05,6792.8301,232.331,255.267
2018-09-06,6529.1699,230.215,254.4986
2018-09-07,6467.0698,217.203,254.0041
2018-09-08,6225.98,197.951,
2018-09-09,6300.8599,196.924,
2018-09-10,6329.7002,197.079,254.4456
2018-09-11,6321.2002,185.066,255.2846
2018-09-12,6351.7998,183.331,255.3465
2018-09-13,6517.3101,211.354,256.8567
2018-09-14,6512.71,211.749,256.9009
2018-09-15,6543.2002,223.074,
2018-09-16,6517.1802,220.589,
2018-09-17,6281.2002,197.875,255.5407
2018-09-18,6371.2998,209.975,256.9274
2018-09-19,6398.54,209.969,257.2011
2018-09-20,6519.6699,224.591,259.2854
2018-09-21,6734.9502,246.584,259.0485
2018-09-22,6721.98,240.48,
2018-09-23,6710.6299,244.33,
2018-09-24,6595.4102,228.73,258.188
2018-09-25,6446.4702,218.505,257.9484
2018-09-26,6495.0,215.847,257.1767
2018-09-27,6676.75,228.494,257.8951
2018-09-28,6644.1299,222.402,257.9219
2018-09-29,6601.96,231.635,
2018-09-30,6625.5601,232.848,
2018-10-01,6589.6201,230.768,258.8179
2018-10-02,6556.1001,227.181,258.6671
2018-10-03,6502.5898,220.489,258.8091
2018-10-04,6576.6899,222.218,256.7862
2018-10-05,6622.48,227.601,255.349
2018-10-06,6588.3101,225.12,
2018-10-07,6602.9502,226.119,
2018-10-08,6652.23,229.255,255.349
2018-10-09,6642.6401,227.982,254.9764
2018-10-10,6585.5298,225.769,246.9031
2018-10-11,6256.2402,189.499,241.4647
2018-10-12,6274.5801,196.727,244.8182
2018-10-13,6285.9902,199.841,
2018-10-14,6290.9302,195.715,
2018-10-15,6596.54,209.704,243.443
2018-10-16,6596.1099,210.12,248.7661
2018-10-17,6544.4302,207.083,248.8104
2018-10-18,6476.71,203.352,245.2174
2018-10-19,6465.4102,203.727,245.0844
2018-10-20,6489.1899,205.43,
2018-10-21,6482.3501,205.142,
2018-10-22,6487.1602,204.044,243.9842
2018-10-23,6475.7402,204.336,242.7421
2018-10-24,6495.8398,203.852,235.3875
2018-10-25,6476.29,202.719,239.6104
2018-10-26,6474.75,203.329,235.3963
2018-10-27,6480.3799,204.21,
2018-10-28,6486.3901,205.366,
2018-10-29,6332.6299,197.247,234.092
2018-10-30,6334.27,197.556,237.561
2018-10-31,6317.6099,197.381,240.0984
2018-11-01,6377.7798,198.872,242.6534
2018-11-02,6388.4399,200.635,241.2162
2018-11-03,6361.2598,200.186,
2018-11-04,6376.1299,207.486,
2018-11-05,6419.6602,209.091,242.547
2018-11-06,6461.0098,218.452,244.0818
2018-11-07,6530.1401,217.183,249.3073
2018-11-08,6453.7202,212.231,248.8548
2018-11-09,6385.6201,210.074,246.4239
2018-11-10,6409.2202,212.533,
2018-11-11,6411.27,211.34,
2018-11-12,6371.27,210.418,241.8195
2018-11-13,6359.4902,206.826,241.367
2018-11-14,5738.3501,181.397,239.7168
2018-11-15,5648.0298,180.806,242.2187
2018-11-16,5575.5498,175.177,242.8485
2018-11-17,5554.3301,174.001,
2018-11-18,5623.54,177.067,
2018-11-19,4871.4902,149.175,238.741
2018-11-20,4451.8701,130.339,234.3228
2018-11-21,4602.1699,136.701,235.1212
2018-11-22,4365.9399,126.706,
2018-11-23,4347.1099,123.296,233.5509
2018-11-24,3880.76,113.494,
2018-11-25,4009.97,116.45,
2018-11-26,3779.1299,108.335,237.3215
2018-11-27,3820.72,110.01,238.1199
2018-11-28,4257.4199,122.438,243.6027
2018-11-29,4278.8467,117.5426,243.0704
2018-11-30,4017.2686,113.1714,244.552
2018-12-01,4214.6719,118.6356,
2018-12-02,4139.8779,116.3889,
2018-12-03,3894.1309,108.925,247.7902
2018-12-04,3956.8938,110.2142,239.7612
2018-12-05,3753.9949,102.4756,
2018-12-06,3521.1018,91.7611,239.3974
2018-12-07,3419.9373,93.2946,233.8349
2018-12-08,3476.1147,92.1596,
2018-12-09,3614.2344,95.1421,
2018-12-10,3502.656,91.6857,234.2785
2018-12-11,3424.5881,88.9453,234.3317
2018-12-12,3486.9502,90.5933,235.5116
2018-12-13,3313.6772,86.5393,235.4318
2018-12-14,3242.4849,84.3083,231.0845
2018-12-15,3236.7617,84.4408,
2018-12-16,3252.8391,85.2621,
2018-12-17,3545.8647,95.1338,226.551
2018-12-18,3696.0591,101.1125,226.3026
2018-12-19,3745.9507,101.2686,222.9136
2018-12-20,4134.4414,116.2169,219.2851
2018-12-21,3896.5437,109.4962,214.792
2018-12-22,4014.1826,116.7595,
2018-12-23,3998.9802,130.7653,
2018-12-24,4078.5991,140.238,209.1165
2018-12-25,3815.4907,129.8443,
2018-12-26,3857.2976,131.8656,219.6822
2018-12-27,3654.8335,116.5759,221.3687
2018-12-28,3923.9187,137.647,221.0831
2018-12-29,3820.4087,138.0183,
2018-12-30,3865.9526,139.8595,
2018-12-31,3742.7004,133.3683,223.0196
2019-01-01,3843.52,140.8194,
2019-01-02,3943.4094,155.0477,223.2516
2019-01-03,3836.7412,149.135,217.9242
2019-01-04,3857.7175,154.5819,225.2237
2019-01-05,3845.1946,155.6386,
2019-01-06,4076.6326,157.7462,
2019-01-07,4025.2483,151.6992,226.9995
2019-01-08,4030.8479,150.3596,229.1323
2019-01-09,4035.2964,150.8031,230.2031
2019-01-10,3678.9246,128.6252,231.0151
2019-01-11,3687.3655,127.5483,231.1044
2019-01-12,3661.301,125.9665,
2019-01-13,3552.9531,116.8978,
2019-01-14,3706.0522,129.0687,229.6945
2019-01-15,3630.6753,122.0327,232.3269
2019-01-16,3655.0068,123.5471,232.8891
2019-01-17,3678.564,123.7419,234.656
2019-01-18,3657.8394,121.0103,237.7792
2019-01-19,3728.5684,124.519,
2019-01-20,3601.0137,119.4748,
2019-01-21,3576.0325,117.1579,
2019-01-22,3604.5771,118.7476,234.5668
2019-01-23,3585.123,117.4526,235.0575
2019-01-24,3600.8655,117.3629,235.1825
2019-01-25,3599.7659,116.3783,237.1724
2019-01-26,3602.4604,116.4887,
2019-01-27,3583.9658,113.4053,
2019-01-28,3470.4504,106.59,235.3699
2019-01-29,3448.1169,105.5982,235.0575
2019-01-30,3486.1816,108.9075,238.7787
2019-01-31,3457.7927,107.061,240.8757
2019-02-01,3487.9453,107.6098,240.9918
2019-02-02,3521.0608,110.4303,
2019-02-03,3464.0134,107.4927,
2019-02-04,3459.1541,107.8216,242.6873
2019-02-05,3466.3574,107.4435,243.7046
2019-02-06,3413.7678,104.9193,243.3833
2019-02-07,3399.4717,104.5353,241.0632
2019-02-08,3666.7803,119.2677,241.3577
2019-02-09,3671.2036,119.4309,
2019-02-10,3690.1882,124.8065,
2019-02-11,3648.4307,121.2984,241.4915
2019-02-12,3653.5286,122.5723,244.597
2019-02-13,3632.0706,122.5536,245.3911
2019-02-14,3616.8809,121.3902,244.8468
2019-02-15,3620.8108,122.1004,247.515
2019-02-16,3629.7876,123.2602,
2019-02-17,3673.8362,133.5989,
2019-02-18,3915.7144,146.0984,
2019-02-19,3947.0945,145.3462,247.9432
2019-02-20,3999.8206,149.5543,248.443
2019-02-21,3954.1182,146.1308,247.5596
2019-02-22,4005.5266,149.0925,249.0944
2019-02-23,4142.5269,158.7954,
2019-02-24,3810.4275,135.8527,
2019-02-25,3882.6963,139.8229,249.4335
2019-02-26,3854.3579,138.0897,249.255
2019-02-27,3851.0474,136.126,249.148
2019-02-28,3854.7854,136.7462,248.6839
2019-03-01,3859.5837,136.4436,250.2367
2019-03-02,3864.415,134.207,
2019-03-03,3847.1758,132.2494,
2019-03-04,3761.5571,127.7741,249.3264
2019-03-05,3896.375,137.8224,248.9874
2019-03-06,3903.9426,138.7894,247.4792
2019-03-07,3911.4844,138.0345,245.4089
2019-03-08,3901.1316,135.1271,244.9182
2019-03-09,3963.3137,137.9653,
2019-03-10,3951.5999,136.7587,
2019-03-11,3905.2273,133.834,248.4698
2019-03-12,3909.1562,134.4429,249.4068
2019-03-13,3906.7173,133.2631,251.0576
2019-03-14,3924.3691,133.7116,250.897
2019-03-15,3960.9111,137.6918,252.1366
2019-03-16,4048.7258,142.3982,
2019-03-17,4025.229,140.0005,
2019-03-18,4032.5073,139.3746,253.0508
2019-03-19,4071.1902,140.5192,253.1136
2019-03-20,4087.4763,140.6864,252.3517
2019-03-21,4029.3269,136.6361,255.202
2019-03-22,4023.9683,137.1814,250.2903
2019-03-23,4035.8264,138.2399,
2019-03-24,4022.1682,136.9869,
2019-03-25,3963.0706,135.031,250.102
2019-03-26,3985.0808,135.4604,251.9663
2019-03-27,4087.0662,140.9882,250.6488
2019-03-28,4069.1072,139.4165,251.5988
2019-03-29,4098.3745,142.4974,253.1853
2019-03-30,4106.6602,142.0927,
2019-03-31,4105.4043,141.5141,
2019-04-01,4158.1831,141.8303,256.1878
2019-04-02,4879.8779,163.9617,256.3133
2019-04-03,4973.022,161.4588,256.7166
2019-04-04,4922.7988,158.0525,257.3979
2019-04-05,5036.6812,165.5148,258.6437
2019-04-06,5059.8174,165.9472,
2019-04-07,5198.897,174.5316,
2019-04-08,5289.771,180.2588,258.8409
2019-04-09,5204.9585,176.1146,257.5143
2019-04-10,5324.5518,177.3375,258.3928
2019-04-11,5064.4878,165.497,258.321
2019-04-12,5089.5391,164.7363,260.0688
2019-04-13,5096.5864,164.5134,
2019-04-14,5167.7222,167.8385,
2019-04-15,5067.1084,161.5742,259.8985
2019-04-16,5235.5596,167.6234,260.0688
2019-04-17,5251.938,166.9508,259.4324
2019-04-18,5298.3857,173.814,259.9433
2019-04-19,5303.8125,173.7084,
2019-04-20,5337.8862,173.7513,
2019-04-21,5314.5312,170.0465,
2019-04-22,5399.3652,171.8747,260.1674
2019-04-23,5572.3623,171.4478,262.5068
2019-04-24,5464.8667,165.8261,261.9241
2019-04-25,5210.5156,154.4594,261.7628
2019-04-26,5279.3481,156.3471,262.9817
2019-04-27,5268.291,158.4349,
2019-04-28,5285.1392,157.2951,
2019-04-29,5247.3525,155.202,263.394
2019-04-30,5350.7266,162.166,263.5285
2019-05-01,5402.6973,160.8183,261.5475
2019-05-02,5505.2837,162.1228,260.983
2019-05-03,5768.2896,167.9524,263.5374
2019-05-04,5831.1675,164.0266,
2019-05-05,5795.7085,163.4507,
2019-05-06,5746.8071,172.6532,262.4529
2019-05-07,5829.5015,169.7987,258.07
2019-05-08,5982.4575,170.9482,257.7115
2019-05-09,6174.5288,170.2893,256.9318
2019-05-10,6378.8491,173.1427,258.2225
2019-05-11,7204.7715,194.3043,
2019-05-12,6972.3716,187.3253,
2019-05-13,7814.915,196.8463,251.7333
2019-05-14,7994.416,217.1486,254.0098
2019-05-15,8205.168,247.1531,255.4977
2019-05-16,7884.9092,264.01,257.8639
2019-05-17,7343.8955,243.7646,256.1968
2019-05-18,7271.208,234.5952,
2019-05-19,8197.6895,261.2922,
2019-05-20,7978.3091,251.8644,254.5028
2019-05-21,7963.3276,255.2159,256.7973
2019-05-22,7680.0664,244.6989,256.0087
2019-05-23,7881.8467,245.9657,252.8805
2019-05-24,7987.3716,249.485,253.4541
2019-05-25,8052.5439,251.7599,
2019-05-26,8673.2158,267.0696,
2019-05-27,8805.7783,272.8626,
2019-05-28,8719.9619,271.7687,251.0968
2019-05-29,8659.4873,269.4557,249.4118
2019-05-30,8319.4727,255.8589,250.0931
2019-05-31,8574.502,268.1136,246.723
2019-06-01,8564.0166,265.3913,
2019-06-02,8742.958,270.2255,
2019-06-03,8208.9951,252.6079,246.0955
2019-06-04,7707.771,241.3388,251.4374
2019-06-05,7824.2314,247.051,253.6155
2019-06-06,7822.0234,249.4743,255.2646
2019-06-07,8043.9512,250.9304,257.8192
2019-06-08,7954.1279,245.7381,
2019-06-09,7688.0771,233.0867,
2019-06-10,8000.3296,247.5201,259.0022
2019-06-11,7927.7144,245.7818,258.9394
2019-06-12,8145.8574,260.9033,258.4823
2019-06-13,8230.9238,256.1688,259.5489
2019-06-14,8693.833,264.0875,259.2621
2019-06-15,8838.375,269.0193,
2019-06-16,8994.4883,269.2232,
2019-06-17,9320.3525,274.3511,259.3606
2019-06-18,9081.7627,265.0518,262.0765
2019-06-19,9273.5215,269.4318,262.6681
2019-06-20,9527.1602,271.695,265.1777
2019-06-21,10144.5566,294.9103,264.7922
2019-06-22,10701.6914,309.3803,
2019-06-23,10855.3711,307.8278,
2019-06-24,11011.1025,310.4247,264.4679
2019-06-25,11790.917,318.1263,261.8741
2019-06-26,13016.2314,336.7532,261.6129
2019-06-27,11182.8066,294.2676,262.5406
2019-06-28,12407.332,311.2261,263.8915
2019-06-29,11959.3711,320.0589,
2019-06-30,10817.1553,290.696,
2019-07-01,10583.1348,293.6411,266.2873
2019-07-02,10801.6777,291.5964,266.9808
2019-07-03,11961.2695,303.1,269.1154
2019-07-04,11215.4375,284.5232,
2019-07-05,10978.46,287.9975,268.8091
2019-07-06,11208.5508,287.5471,
2019-07-07,11450.8467,305.7006,
2019-07-08,12285.958,313.2514,267.3321
2019-07-09,12573.8125,308.881,267.6653
2019-07-10,12156.5127,290.0023,268.9442
2019-07-11,11358.6621,268.704,269.5746
2019-07-12,11815.9863,276.2767,270.7814
2019-07-13,11392.3789,269.4588,
2019-07-14,10256.0586,227.5781,
2019-07-15,10895.0898,229.776,270.8716
2019-07-16,9477.6416,199.1887,269.998
2019-07-17,9693.8027,211.485,268.1606
2019-07-18,10666.4824,226.5662,269.1423
2019-07-19,10530.7324,221.3334,267.6473
2019-07-20,10767.1396,229.1192,
2019-07-21,10599.1055,225.6308,
2019-07-22,10343.1064,217.56,268.3047
2019-07-23,9900.7676,212.7285,270.2231
2019-07-24,9811.9258,217.0464,271.4931
2019-07-25,9911.8418,219.618,270.1961
2019-07-26,9870.3037,219.6296,272.0065
2019-07-27,9477.6777,207.4083,
2019-07-28,9552.8604,211.1866,
2019-07-29,9519.1455,211.2681,271.511
2019-07-30,9607.4238,210.5226,270.8446
2019-07-31,10085.6279,218.6541,267.8814
2019-08-01,10399.6689,217.8084,265.5487
2019-08-02,10518.1748,217.8716,263.5492
2019-08-03,10821.7266,222.4903,
2019-08-04,10970.1846,222.6697,
2019-08-05,11805.6533,234.215,255.6235
2019-08-06,11478.1689,226.0206,259.2082
2019-08-07,11941.9688,226.391,259.3612
2019-08-08,11966.4072,220.9419,264.4499
2019-08-09,11862.9365,210.4889,262.6487
2019-08-10,11354.0244,206.7335,
2019-08-11,11523.5791,216.0929,
2019-08-12,11382.6162,211.2881,259.4513
2019-08-13,10895.8301,208.709,263.4863
2019-08-14,10051.7041,186.6077,255.6956
2019-08-15,10311.5459,188.5021,256.3711
2019-08-16,10374.3389,185.4401,260.1538
2019-08-17,10231.7441,185.6877,
2019-08-18,10345.8105,194.4935,
2019-08-19,10916.0537,203.0919,263.2881
2019-08-20,10763.2324,196.5654,261.2707
2019-08-21,10138.0498,186.8916,263.3962
2019-08-22,10131.0557,191.3329,263.3151
2019-08-23,10407.9648,194.7062,256.5513
2019-08-24,10159.9609,191.2896,
2019-08-25,10138.5176,186.8424,
2019-08-26,10370.8203,188.9294,259.3882
2019-08-27,10185.5,187.5167,258.3706
2019-08-28,9754.4229,173.89,260.1899
2019-08-29,9510.2002,169.5167,263.5132
2019-08-30,9598.1738,168.8349,263.3962
2019-08-31,9630.6641,172.4698,
2019-09-01,9757.9707,171.6294,
2019-09-02,10346.7607,178.3474,
2019-09-03,10623.54,179.4993,261.856
2019-09-04,10594.4932,175.9929,264.8282
2019-09-05,10575.5332,174.2171,268.2327
2019-09-06,10353.3027,169.9562,268.4398
2019-09-07,10517.2549,178.2626,
2019-09-08,10441.2764,181.3555,
2019-09-09,10334.9746,181.1495,268.575
2019-09-10,10115.9756,179.7872,268.5119
2019-09-11,10178.3721,178.7255,270.4213
2019-09-12,10410.127,181.0161,271.3579
2019-09-13,10360.5469,181.1097,271.1778
2019-09-14,10358.0488,188.1055,
2019-09-15,10347.7129,189.7891,
2019-09-16,10276.7939,197.1132,270.3402
2019-09-17,10241.2725,208.6087,271.0247
2019-09-18,10198.248,211.393,271.1869
2019-09-19,10266.415,221.2809,271.1689
2019-09-20,10181.6416,218.05,269.8876
2019-09-21,10019.7168,215.5162,
2019-09-22,10070.3926,211.5454,
2019-09-23,9729.3242,201.9213,269.8243
2019-09-24,8620.5664,168.1107,267.707
2019-09-25,8486.9932,170.8927,269.2904
2019-09-26,8118.9678,166.7271,268.7295
2019-09-27,8251.8457,174.711,267.2817
2019-09-28,8245.915,174.5729,
2019-09-29,8104.1855,170.5035,
2019-09-30,8293.8682,179.8722,268.5213
2019-10-01,8343.2764,177.3404,265.3273
2019-10-02,8393.042,180.7105,260.6404
2019-10-03,8259.9922,175.1993,262.7758
2019-10-04,8205.9395,176.985,266.3318
2019-10-05,8151.5005,176.3515,
2019-10-06,7988.1558,173.0591,
2019-10-07,8245.623,181.1863,265.1826
2019-10-08,8228.7832,182.0216,261.0657
2019-10-09,8595.7402,193.2933,263.5449
2019-10-10,8586.4736,191.6597,265.3273
2019-10-11,8321.7568,182.5697,268.078
2019-10-12,8336.5557,180.8266,
2019-10-13,8321.0059,182.0751,
2019-10-14,8374.6865,186.9609,267.7794
2019-10-15,8205.3691,181.4061,270.4305
2019-10-16,8047.5269,176.0135,269.9962
2019-10-17,8103.9111,178.0284,270.7924
2019-10-18,7973.2075,173.6213,269.6071
2019-10-19,7988.5605,172.913,
2019-10-20,8222.0781,175.5344,
2019-10-21,8243.7207,174.921,271.4348
2019-10-22,8078.2031,172.3009,270.5481
2019-10-23,7514.6719,162.4028,271.3354
2019-10-24,7493.4888,162.1685,271.7787
2019-10-25,8660.7002,181.5232,272.8916
2019-10-26,9244.9727,179.8355,
2019-10-27,9551.7148,184.2422,
2019-10-28,9256.1484,182.6628,274.4297
2019-10-29,9427.6875,190.3426,274.3483
2019-10-30,9205.7266,184.6922,275.1898
2019-10-31,9199.585,183.9669,274.4569
2019-11-01,9261.1045,183.9699,276.9995
2019-11-02,9324.7178,183.9257,
2019-11-03,9235.3545,182.425,
2019-11-04,9412.6123,186.3552,278.1123
2019-11-05,9342.5273,189.3042,277.8047
2019-11-06,9360.8799,191.5938,277.8681
2019-11-07,9267.5615,187.9765,278.8453
2019-11-08,8804.8809,184.2115,279.5329
2019-11-09,8813.582,185.0287,
2019-11-10,9055.5264,189.4773,
2019-11-11,8757.7881,185.4896,278.9991
2019-11-12,8815.6621,186.8434,279.5872
2019-11-13,8808.2627,188.2587,279.6777
2019-11-14,8708.0947,185.9996,280.0848
2019-11-15,8491.9922,180.5212,282.1116
2019-11-16,8550.7607,183.3484,
2019-11-17,8577.9756,185.1192,
2019-11-18,8309.2861,180.5596,282.3197
2019-11-19,8206.1455,177.4556,282.2383
2019-11-20,8027.2681,175.6983,281.1888
2019-11-21,7642.75,161.4627,280.7363
2019-11-22,7296.5776,150.2682,281.3607
2019-11-23,7397.7969,153.4178,
2019-11-24,7047.917,142.8347,
2019-11-25,7146.1338,146.4765,283.5413
2019-11-26,7218.3711,148.9651,284.1836
2019-11-27,7531.6636,153.0106,285.4503
2019-11-28,7463.106,151.7176,
2019-11-29,7761.2437,155.3042,284.3917
2019-11-30,7569.6299,152.5397,
2019-12-01,7424.2925,151.1857,
2019-12-02,7321.9883,149.0592,281.9759
2019-12-03,7320.1455,147.9564,280.0848
2019-12-04,7252.0347,146.7477,281.813
2019-12-05,7448.3076,149.249,282.3197
2019-12-06,7546.9966,149.1944,284.8985
2019-12-07,7556.2378,148.7682,
2019-12-08,7564.3452,151.2647,
2019-12-09,7400.8994,148.2252,284.0027
2019-12-10,7278.1196,146.267,283.686
2019-12-11,7217.4272,143.608,284.4913
2019-12-12,7243.1343,145.604,286.9433
2019-12-13,7269.6846,144.9447,287.1153
2019-12-14,7124.6738,142.8692,
2019-12-15,7152.3018,143.115,
2019-12-16,6932.4805,133.614,289.0877
2019-12-17,6640.5151,122.6039,289.151
2019-12-18,7276.8027,133.0922,289.1691
2019-12-19,7202.8442,129.3211,290.3544
2019-12-20,7218.8164,129.0661,291.6274
2019-12-21,7191.1587,128.131,
2019-12-22,7511.5889,132.3725,
2019-12-23,7355.6284,128.6141,292.073
2019-12-24,7322.5322,129.0639,292.0821
2019-12-25,7275.1558,126.4546,
2019-12-26,7238.9668,126.3612,293.6369
2019-12-27,7290.0884,127.2146,293.5642
2019-12-28,7317.9902,128.3227,
2019-12-29,7422.6528,134.758,
2019-12-30,7292.9951,132.6335,291.9456
2019-12-31,7193.5991,129.6109,292.6549
2020-01-01,7200.1743,130.802,
2020-01-02,6985.4702,127.4102,295.3918
2020-01-03,7344.8843,134.1717,293.1551
2020-01-04,7410.6567,135.0694,
2020-01-05,7411.3174,136.2768,
2020-01-06,7769.2192,144.3042,294.2733
2020-01-07,8163.6924,143.544,293.446
2020-01-08,8079.8628,141.2581,295.0099
2020-01-09,7879.0713,138.9792,297.0103
2020-01-10,8166.5542,143.9638,296.1556
2020-01-11,8037.5376,142.9271,
2020-01-12,8192.4941,145.8739,
2020-01-13,8144.1943,144.2266,298.1923
2020-01-14,8827.7646,165.9554,297.7375
2020-01-15,8807.0107,166.2307,298.4105
2020-01-16,8723.7861,164.391,300.8929
2020-01-17,8929.0381,170.78,301.8293
2020-01-18,8942.8086,175.3657,
2020-01-19,8706.2451,166.9698,
2020-01-20,8657.6426,167.1205,
2020-01-21,8745.8945,169.6972,301.2383
2020-01-22,8680.876,168.2942,301.2747
2020-01-23,8406.5156,162.9286,301.6202
2020-01-24,8445.4346,163.0512,298.9378
2020-01-25,8367.8477,161.2839,
2020-01-26,8596.8301,168.0771,
2020-01-27,8909.8193,170.9309,294.146
2020-01-28,9358.5898,176.3703,297.2285
2020-01-29,9316.6299,175.0503,296.983
2020-01-30,9508.9932,184.6905,297.9468
2020-01-31,9350.5293,180.1602,292.5367
2020-02-01,9392.875,183.674,
2020-02-02,9344.3652,188.6175,
2020-02-03,9293.5215,189.8651,294.7099
2020-02-04,9180.9629,189.2506,299.2016
2020-02-05,9613.4238,204.2302,302.6568
2020-02-06,9729.8018,212.3391,303.6751
2020-02-07,9795.9434,222.7261,302.0567
2020-02-08,9865.1191,223.1465,
2020-02-09,10116.6738,228.5786,
2020-02-10,9856.6113,223.5227,304.3116
2020-02-11,10208.2363,235.8512,304.839
2020-02-12,10326.0547,265.4061,306.803
2020-02-13,10214.3799,268.0992,306.4757
2020-02-14,10312.1162,284.2175,306.9666
2020-02-15,9889.4248,264.7286,
2020-02-16,9934.4336,259.8947,
2020-02-17,9690.1426,266.3634,
2020-02-18,10141.9961,281.9446,306.1756
2020-02-19,9633.3867,259.764,307.6395
2020-02-20,9608.4756,257.9495,306.3756
2020-02-21,9686.4414,265.6006,303.2205
2020-02-22,9663.1816,262.3317,
2020-02-23,9924.5156,273.7542,
2020-02-24,9650.1748,265.2164,293.1641
2020-02-25,9341.7051,247.8176,284.2806
2020-02-26,8820.5225,225.6803,283.235
2020-02-27,8784.4941,226.7534,270.5143
2020-02-28,8672.4551,226.7605,269.3778
2020-02-29,8599.5088,219.8485,
2020-03-01,8562.4541,218.9706,
2020-03-02,8869.6699,230.5698,281.0438
2020-03-03,8787.7861,224.4796,272.9967
2020-03-04,8755.2461,224.518,284.4715
2020-03-05,9078.7627,229.2682,275.0152
2020-03-06,9122.5459,243.5253,270.469
2020-03-07,8909.9541,237.8531,
2020-03-08,8108.1162,200.6891,
2020-03-09,7923.6445,201.9863,249.3468
2020-03-10,7909.7295,200.7672,262.2492
2020-03-11,7911.4302,194.8685,249.465
2020-03-12,4970.7881,112.3471,225.5969
2020-03-13,5563.707,133.2018,244.8823
2020-03-14,5200.3662,123.306,
2020-03-15,5392.3149,125.2143,
2020-03-16,5014.48,110.6059,218.0864
2020-03-17,5225.6294,113.9427,229.8613
2020-03-18,5238.4385,114.8423,218.2227
2020-03-19,6191.1929,136.5939,218.6864
2020-03-20,6198.7783,132.7372,209.2624
2020-03-21,6185.0664,132.8187,
2020-03-22,5830.2549,123.3212,
2020-03-23,6416.3149,134.9116,203.9119
2020-03-24,6734.8037,138.7614,222.3869
2020-03-25,6681.063,136.1959,225.7161
2020-03-26,6716.4404,138.3616,238.8956
2020-03-27,6469.7983,133.9379,231.78
2020-03-28,6242.1938,130.9865,
2020-03-29,5922.043,125.5837,
2020-03-30,6429.8418,132.9045,239.3072
2020-03-31,6438.6445,133.5936,235.7403
2020-04-01,6606.7764,135.6346,225.1308
2020-04-02,6793.6245,142.0291,230.3258
2020-04-03,6733.3872,142.0913,226.9966
2020-04-04,6867.5273,145.2194,
2020-04-05,6791.1294,143.5466,
2020-04-06,7271.7812,169.1359,242.2431
2020-04-07,7176.4146,165.1019,242.4901
2020-04-08,7334.0986,172.6417,250.6302
2020-04-09,7302.0894,170.8071,254.4441
2020-04-10,6865.4932,158.4124,
2020-04-11,6859.083,158.216,
2020-04-12,6971.0918,161.1424,
2020-04-13,6845.0376,156.2796,252.1209
2020-04-14,6842.4277,157.5964,259.5566
2020-04-15,6642.1099,153.2869,254.0416
2020-04-16,7116.8042,172.1574,255.2671
2020-04-17,7096.1846,171.6386,262.1633
2020-04-18,7257.665,186.914,
2020-04-19,7189.4248,181.615,
2020-04-20,6881.9585,172.2972,257.5446
2020-04-21,6880.3232,172.7377,249.7247
2020-04-22,7117.2075,182.5996,255.2671
2020-04-23,7429.7246,185.0287,255.2489
2020-04-24,7550.9009,189.2369,258.8066
2020-04-25,7569.936,195.5153,
2020-04-26,7679.8672,197.3175,
2020-04-27,7795.6011,197.2247,262.5382
2020-04-28,7807.0586,198.4154,261.331
2020-04-29,8801.0381,216.9682,268.1723
2020-04-30,8658.5537,207.6021,265.6754
2020-05-01,8864.7666,214.2191,258.6421
2020-05-02,8988.5967,215.3254,
2020-05-03,8897.4688,210.9332,
2020-05-04,8912.6543,208.174,259.3554
2020-05-05,9003.0703,206.7744,261.7517
2020-05-06,9268.7617,204.0558,259.9774
2020-05-07,9951.5186,212.2894,263.1145
2020-05-08,9842.666,212.9916,267.468
2020-05-09,9593.8965,211.6001,
2020-05-10,8756.4307,188.5996,
2020-05-11,8601.7959,185.9128,267.5229
2020-05-12,8804.4775,189.3125,262.1907
2020-05-13,9269.9873,199.1933,257.5537
2020-05-14,9733.7217,202.9491,260.6359
2020-05-15,9328.1973,195.6227,261.834
2020-05-16,9377.0137,200.6771,
2020-05-17,9670.7393,207.1587,
2020-05-18,9726.5752,214.5251,269.8094
2020-05-19,9729.0381,213.4511,267.0381
2020-05-20,9522.9814,210.0967,271.5747
2020-05-21,9081.7617,199.8836,269.6997
2020-05-22,9182.5771,207.1692,270.2118
2020-05-23,9209.2871,208.6944,
2020-05-24,8790.3682,202.3703,
2020-05-25,8906.9346,205.3197,
2020-05-26,8835.0527,201.9023,273.5411
2020-05-27,9181.0176,208.8634,277.611
2020-05-28,9525.751,219.8404,277.0988
2020-05-29,9439.124,220.6751,278.3335
2020-05-30,9700.4141,242.3456,
2020-05-31,9461.0586,230.9757,
2020-06-01,10167.2686,246.9918,279.4586
2020-06-02,9529.8037,237.2191,281.7725
2020-06-03,9656.7178,244.1793,285.5223
2020-06-04,9800.6367,244.4264,284.7724
2020-06-05,9665.5332,241.222,292.071
2020-06-06,9653.6797,241.9313,
2020-06-07,9758.8525,245.1673,
2020-06-08,9771.4893,246.3099,295.6013
2020-06-09,9795.7002,244.9115,293.3971
2020-06-10,9870.0947,247.4449,291.76
2020-06-11,9321.7812,231.7027,274.9404
2020-06-12,9480.8438,237.4932,278.233
2020-06-13,9475.2773,238.9088,
2020-06-14,9386.7881,234.1147,
2020-06-15,9450.7021,229.9289,280.8305
2020-06-16,9538.0244,234.4162,286.2357
2020-06-17,9480.2549,233.0283,285.0468
2020-06-18,9411.8408,232.1012,285.1566
2020-06-19,9288.0186,227.1383,283.5269
2020-06-20,9332.3408,229.2743,
2020-06-21,9303.6299,228.9898,
2020-06-22,9648.7178,242.5332,285.3458
2020-06-23,9629.6582,244.1422,286.6594
2020-06-24,9313.6104,235.7725,279.3471
2020-06-25,9264.8135,232.9445,282.3418
2020-06-26,9162.918,229.668,275.6358
2020-06-27,9045.3906,222.9598,
2020-06-28,9143.582,225.3472,
2020-06-29,9190.8545,228.1949,279.687
2020-06-30,9137.9932,226.315,283.2697
2020-07-01,9228.3252,231.1134,285.2539
2020-07-02,9123.4102,229.3922,286.8248
2020-07-03,9087.3037,225.3871,
2020-07-04,9132.4883,229.0741,
2020-07-05,9073.9424,227.6646,
2020-07-06,9375.4746,241.5102,291.2526
2020-07-07,9252.2773,239.0755,288.2486
2020-07-08,9428.333,246.67,290.4534
2020-07-09,9277.9678,243.016,288.7999
2020-07-10,9278.8076,240.985,291.7486
2020-07-11,9240.3467,239.4582,
2020-07-12,9276.5,242.1317,
2020-07-13,9243.6143,239.6046,289.2224
2020-07-14,9243.2139,240.2115,292.9704
2020-07-15,9192.8369,238.4235,295.662
2020-07-16,9132.2275,233.6409,294.6883
2020-07-17,9151.3926,232.7731,295.5427
2020-07-18,9159.04,235.4838,
2020-07-19,9185.8174,238.4875,
2020-07-20,9164.2314,236.1532,297.931
2020-07-21,9374.8877,245.0167,298.5649
2020-07-22,9525.3633,262.1906,300.2644
2020-07-23,9581.0723,274.6891,296.6817
2020-07-24,9536.8926,279.2154,294.7709
2020-07-25,9677.1133,304.0568,
2020-07-26,9905.167,309.6436,
2020-07-27,10990.873,321.5141,296.9205
2020-07-28,10912.8232,316.6573,295.0373
2020-07-29,11100.4678,318.1909,298.666
2020-07-30,11111.2139,334.5866,297.6003
2020-07-31,11323.4668,345.5547,299.952
2020-08-01,11759.5928,385.1997,
2020-08-02,11053.6143,370.6717,
2020-08-03,11246.3486,386.2952,302.0373
2020-08-04,11205.8926,389.8755,303.2039
2020-08-05,11747.0225,401.5906,305.0872
2020-08-06,11779.7734,394.9619,307.1265
2020-08-07,11601.4727,379.5128,307.347
2020-08-08,11754.0459,393.9874,
2020-08-09,11675.7393,391.1205,
2020-08-10,11878.1113,395.8876,308.2657
2020-08-11,11410.5254,380.3841,305.7211
2020-08-12,11584.9346,391.0242,309.9835
2020-08-13,11784.1377,428.7418,309.4232
2020-08-14,11768.8711,437.3978,309.4323
2020-08-15,11865.6982,433.3549,
2020-08-16,11892.8037,433.7866,
2020-08-17,12254.4023,429.5312,310.4153
2020-08-18,11991.2334,423.6693,311.0859
2020-08-19,11758.2832,406.4638,309.7905
2020-08-20,11878.3721,416.4398,310.7551
2020-08-21,11592.4893,389.1263,311.8575
2020-08-22,11681.8252,395.8351,
2020-08-23,11664.8477,391.3845,
2020-08-24,11774.5957,408.1442,315.0177
2020-08-25,11366.1348,384.001,316.1199
2020-08-26,11488.3633,386.4661,319.2893
2020-08-27,11323.3975,382.6326,319.9875
2020-08-28,11542.5,395.8747,322.0544
2020-08-29,11506.8652,399.9215,
2020-08-30,11711.5059,428.3957,
2020-08-31,11680.8203,435.0797,320.8877
2020-09-01,11970.4785,477.0519,323.91
2020-09-02,11414.0342,440.0405,328.5951
2020-09-03,10245.2969,385.6719,317.2867
2020-09-04,10511.8135,388.2411,314.6961
2020-09-05,10169.5674,335.2601,
2020-09-06,10280.3516,353.3623,
2020-09-07,10369.5635,352.6735,
2020-09-08,10131.5166,337.6021,306.0976
2020-09-09,10242.3477,351.11,312.1423
2020-09-10,10363.1387,368.1019,306.7224
2020-09-11,10400.915,374.6956,306.8785
2020-09-12,10442.1709,387.1831,
2020-09-13,10323.7559,365.57,
2020-09-14,10680.8379,377.2689,310.9206
2020-09-15,10796.9512,364.8392,312.4914
2020-09-16,10974.9053,365.8123,311.2512
2020-09-17,10948.9902,389.0192,308.5137
2020-09-18,10944.5859,384.3645,304.9619
2020-09-19,11094.3467,385.5444,
2020-09-20,10938.2715,371.0528,
2020-09-21,10462.2598,341.7861,301.5679
2020-09-22,10538.46,344.5032,304.6391
2020-09-23,10246.1865,321.1163,297.5742
2020-09-24,10760.0664,349.3556,298.3673
2020-09-25,10692.7168,352.1833,303.1911
2020-09-26,10750.7236,355.4881,
2020-09-27,10775.2695,357.4385,
2020-09-28,10709.6523,355.1594,308.2268
2020-09-29,10844.6406,359.7574,306.5482
2020-09-30,10784.4912,359.9379,308.8726
2020-10-01,10619.4521,353.2059,310.8555
2020-10-02,10575.9746,346.2389,307.9041
2020-10-03,10549.3291,346.5221,
2020-10-04,10669.583,352.579,
2020-10-05,10793.3398,353.9568,313.3642
2020-10-06,10604.4062,340.8159,308.9094
2020-10-07,10668.9688,341.8087,314.2865
2020-10-08,10915.6855,350.7661,317.0718
2020-10-09,11064.458,365.5905,319.9034
2020-10-10,11296.3613,370.9676,
2020-10-11,11384.1816,375.1421,
2020-10-12,11555.3633,387.7313,325.0498
2020-10-13,11425.8994,381.1908,322.9285
2020-10-14,11429.5068,379.484,320.8994
2020-10-15,11495.3496,377.4418,320.5028
2020-10-16,11322.123,366.229,320.3091
2020-10-17,11358.1016,368.8559,
2020-10-18,11483.3594,378.2137,
2020-10-19,11742.0371,379.9356,315.4393
2020-10-20,11916.335,369.1369,316.7029
2020-10-21,12823.6895,392.19,316.1034
2020-10-22,12965.8916,413.773,317.8373
2020-10-23,12931.5391,409.7667,318.9164
2020-10-24,13108.0625,412.4576,
2020-10-25,13031.1738,406.2178,
2020-10-26,13075.248,393.8883,313.0229
2020-10-27,13654.2188,403.997,311.9438
2020-10-28,13271.2852,388.6508,301.2818
2020-10-29,13437.8828,386.7301,304.344
2020-10-30,13546.5225,382.82,301.1711
2020-10-31,13780.9951,386.5903,
2020-11-01,13737.1094,396.3582,
2020-11-02,13550.4893,383.1567,304.5469
2020-11-03,13950.3008,387.6022,309.924
2020-11-04,14133.707,402.142,316.8504
2020-11-05,15579.8486,414.0674,323.03
2020-11-06,15565.8809,454.7193,322.9561
2020-11-07,14833.7539,435.7131,
2020-11-08,15479.5674,453.5548,
2020-11-09,15332.3154,444.1631,327.0143
2020-11-10,15290.9023,449.6796,326.5347
2020-11-11,15701.3398,462.9605,328.9605
2020-11-12,16276.3438,461.0053,325.7691
2020-11-13,16317.8086,474.6264,330.2792
2020-11-14,16068.1387,460.1498,
2020-11-15,15955.5879,447.5591,
2020-11-16,16716.1113,459.9403,334.4021
2020-11-17,17645.4062,480.3601,332.6035
2020-11-18,17804.0059,479.4841,328.6007
2020-11-19,17817.0898,471.6304,329.9842
2020-11-20,18621.3145,509.7446,327.7245
2020-11-21,18642.2324,549.4866,
2020-11-22,18370.002,558.0681,
2020-11-23,18364.1211,608.454,329.6889
2020-11-24,19107.4648,603.8978,335.0015
2020-11-25,18732.1211,570.6866,334.485
2020-11-26,17150.623,518.8011,
2020-11-27,17108.4023,517.4937,335.4166
2020-11-28,17717.4141,538.2298,
2020-11-29,18177.4844,575.7581,
2020-11-30,19625.8359,614.8425,333.9317
2020-12-01,18802.998,587.3242,337.584
2020-12-02,19201.0918,598.3524,338.2942
2020-12-03,19445.3984,616.7087,338.202
2020-12-04,18699.7656,569.3542,341.1164
2020-12-05,19154.2305,596.5955,
2020-12-06,19345.1211,601.909,
2020-12-07,19191.6309,591.8434,340.4156
2020-12-08,18321.1445,554.8278,341.4116
2020-12-09,18553.916,573.4791,338.3495
2020-12-10,18264.9922,559.6785,338.2389
2020-12-11,18058.9043,545.7974,337.8422
2020-12-12,18803.6562,568.5673,
2020-12-13,19142.3828,589.6632,
2020-12-14,19246.6445,586.0112,336.3297
2020-12-15,19417.0762,589.3556,340.8766
2020-12-16,21310.5977,636.1818,341.4116
2020-12-17,22805.1621,642.869,343.3207
2020-12-18,23137.9609,654.812,341.9499
2020-12-19,23869.832,659.2979,
2020-12-20,23477.2949,638.2908,
2020-12-21,22803.082,609.8179,340.7272
2020-12-22,23783.0293,634.8542,340.153
2020-12-23,23241.3457,583.7146,340.4587
2020-12-24,23735.9492,611.6072,341.7833
2020-12-25,24664.791,626.4107,
2020-12-26,26437.0371,635.8358,
2020-12-27,26272.2949,682.6423,
2020-12-28,27084.8086,730.3973,344.7194
2020-12-29,27362.4375,731.5201,344.0617
2020-12-30,28840.9531,751.619,344.5527
2020-12-31,29001.7207,737.8034,346.3033
2021-01-01,29374.1523,730.3676,
2021-01-02,32127.2676,774.535,
2021-01-03,32782.0234,975.5077,
2021-01-04,31971.9141,1040.233,341.5887
2021-01-05,33992.4297,1100.0061,343.9413
2021-01-06,36824.3633,1207.1122,345.9976
2021-01-07,39371.043,1225.6781,351.1382
2021-01-08,40797.6094,1224.1971,353.1389
2021-01-09,40254.5469,1281.0773,
2021-01-10,38356.4414,1262.2467,
2021-01-11,35566.6562,1090.1454,350.7585
2021-01-12,33922.9609,1043.4346,350.8326
2021-01-13,37316.3594,1130.7394,351.7773
2021-01-14,39187.3281,1218.453,350.5454
2021-01-15,36825.3672,1171.8346,347.9891
2021-01-16,36178.1406,1233.5376,
2021-01-17,35791.2773,1230.1722,
2021-01-18,36630.0742,1257.2795,
2021-01-19,36069.8047,1377.2959,350.7214
2021-01-20,35547.75,1382.274,355.575
2021-01-21,30825.6992,1121.5709,355.8991
2021-01-22,33005.7617,1236.5122,354.6394
2021-01-23,32067.6426,1230.9906,
2021-01-24,32289.3789,1391.6094,
2021-01-25,32366.3926,1324.4148,356.0381
2021-01-26,32569.8496,1357.0581,355.4824
2021-01-27,30432.5469,1253.1871,346.7941
2021-01-28,33466.0977,1332.4922,349.7766
2021-01-29,34316.3867,1382.5228,342.7744
2021-01-30,34269.5234,1376.1155,
2021-01-31,33114.3594,1314.9862,
2021-02-01,33537.1758,1369.0405,348.4799
2021-02-02,35510.2891,1515.1937,353.4075
2021-02-03,37472.0898,1660.9095,353.6854
2021-02-04,36926.0664,1594.7627,357.7053
2021-02-05,38144.3086,1718.6509,359.1132
2021-02-06,39266.0117,1677.8468,
2021-02-07,38903.4414,1614.2278,
2021-02-08,46196.4648,1746.6168,361.7067
2021-02-09,46481.1055,1768.035,361.4659
2021-02-10,44918.1836,1744.2434,361.3083
2021-02-11,47909.332,1783.798,361.8918
2021-02-12,47504.8516,1843.5326,363.6796
2021-02-13,47105.5156,1814.1099,
2021-02-14,48717.2891,1805.0841,
2021-02-15,47945.0586,1779.791,
2021-02-16,49199.8711,1781.0675,363.3646
2021-02-17,52149.0078,1848.4583,363.448
2021-02-18,51679.7969,1937.4492,361.9012
2021-02-19,55888.1328,1960.1648,361.2621
2021-02-20,56099.5195,1919.5341,
2021-02-21,57539.9453,1935.6011,
2021-02-22,54207.3203,1781.9929,358.4834
2021-02-23,48824.4258,1570.204,358.9188
2021-02-24,49705.332,1626.5757,362.8737
2021-02-25,47093.8516,1475.7037,354.13
2021-02-26,46339.7617,1446.0337,352.3053
2021-02-27,46188.4531,1459.9731,
2021-02-28,45137.7695,1416.049,
2021-03-01,49631.2422,1564.7076,360.8452
2021-03-02,48378.9883,1492.6088,358.0295
2021-03-03,50538.2422,1575.8531,353.2871
2021-03-04,48561.168,1541.9143,348.9153
2021-03-05,48927.3047,1533.275,355.3341
2021-03-06,48912.3828,1654.7416,
2021-03-07,51206.6914,1723.1538,
2021-03-08,52246.5234,1834.7279,353.565
2021-03-09,54824.1172,1868.0488,358.613
2021-03-10,56008.5508,1799.1663,360.8452
2021-03-11,57805.1211,1826.1949,364.5039
2021-03-12,57332.0898,1772.1024,364.9949
2021-03-13,61243.0859,1924.6854,
2021-03-14,59302.3164,1854.5643,
2021-03-15,55907.1992,1791.7023,367.1715
2021-03-16,56804.9023,1806.9718,366.7083
2021-03-17,58870.8945,1823.4493,367.9587
2021-03-18,57858.9219,1782.8551,362.6051
2021-03-19,58346.6523,1817.6241,361.9341
2021-03-20,58313.6445,1812.6346,
2021-03-21,57523.4219,1788.217,
2021-03-22,54529.1445,1691.334,364.8242
2021-03-23,54738.9453,1678.6501,361.9528
2021-03-24,52774.2656,1593.4135,360.1128
2021-03-25,51704.1602,1595.3593,362.1386
2021-03-26,55137.3125,1702.842,367.9745
2021-03-27,55973.5117,1716.4946,
2021-03-28,55950.7461,1691.356,
2021-03-29,57750.1992,1819.6849,367.7886
2021-03-30,58917.6914,1846.0337,366.8129
2021-03-31,58918.832,1918.3621,368.2997
2021-04-01,59095.8086,1977.2769,372.277
2021-04-02,59384.3125,2143.2256,
2021-04-03,57603.8906,2028.4225,
2021-04-04,58758.5547,2093.1228,
2021-04-05,59057.8789,2107.8872,377.6203
2021-04-06,58192.3594,2118.3789,377.3973
2021-04-07,56048.9375,1971.0773,377.8342
2021-04-08,58323.9531,2088.5737,379.6276
2021-04-09,58245.0039,2072.1089,382.3875
2021-04-10,59793.2344,2135.9421,
2021-04-11,60204.9648,2157.657,
2021-04-12,59893.4531,2139.3533,382.5269
2021-04-13,63503.457,2299.1877,383.6607
2021-04-14,63109.6953,2435.105,382.3504
2021-04-15,63314.0117,2519.1162,386.4578
2021-04-16,61572.7891,2431.9465,387.7495
2021-04-17,60683.8203,2344.895,
2021-04-18,56216.1836,2237.137,
2021-04-19,55724.2656,2166.1887,385.8444
2021-04-20,56473.0312,2330.2109,383.0194
2021-04-21,53906.0898,2364.7517,386.6436
2021-04-22,51762.2734,2403.5352,383.1123
2021-04-23,51093.6523,2363.5862,387.2663
2021-04-24,50050.8672,2211.6257,
2021-04-25,49004.2539,2316.0596,
2021-04-26,54021.7539,2534.4817,388.0747
2021-04-27,55033.1172,2662.8652,387.991
2021-04-28,54824.7031,2746.3801,387.8796
2021-04-29,53555.1094,2756.877,390.3514
2021-04-30,57750.1758,2773.207,387.7866
2021-05-01,57828.0508,2945.8928,
2021-05-02,56631.0781,2952.0562,
2021-05-03,57200.293,3431.0862,388.623
2021-05-04,53333.5391,3253.6294,386.2255
2021-05-05,57424.0078,3522.7832,386.3463
2021-05-06,56396.5156,3490.8804,389.4315
2021-05-07,57356.4023,3484.729,392.2657
2021-05-08,58803.7773,3902.6477,
2021-05-09,58232.3164,3928.8447,
2021-05-10,55859.7969,3952.2939,388.3814
2021-05-11,56704.5742,4168.7012,384.9152
2021-05-12,49150.5352,3785.8486,376.7376
2021-05-13,49716.1914,3715.1484,381.263
2021-05-14,49880.5352,4079.0574,387.1175
2021-05-15,46760.1875,3638.1221,
2021-05-16,46456.0586,3587.5061,
2021-05-17,43537.5117,3282.3977,386.1326
2021-05-18,42909.4023,3380.0701,382.8057
2021-05-19,37002.4414,2460.6792,381.8021
2021-05-20,40782.7383,2784.2942,385.9095
2021-05-21,37304.6914,2430.6213,385.5935
2021-05-22,37536.6328,2295.7056,
2021-05-23,34770.582,2109.5798,
2021-05-24,38705.9805,2643.5911,389.5243
2021-05-25,38402.2227,2706.6289,388.6601
2021-05-26,39294.1992,2888.6987,389.4315
2021-05-27,38436.9688,2736.4885,389.6359
2021-05-28,35697.6055,2419.9062,390.3329
2021-05-29,34616.0664,2279.5142,
2021-05-30,35678.1289,2390.3054,
2021-05-31,37332.8555,2714.9453,
2021-06-01,36684.9258,2633.5183,389.989
2021-06-02,37575.1797,2706.125,390.6023
2021-06-03,39208.7656,2855.1265,389.1526
2021-06-04,36894.4062,2688.1951,392.7118
2021-06-05,35551.957,2630.5769,
2021-06-06,35862.3789,2715.0928,
2021-06-07,33560.707,2590.2632,392.3308
2021-06-08,33472.6328,2517.4387,392.4144
2021-06-09,37345.1211,2608.2671,391.8289
2021-06-10,36702.5977,2471.5186,393.6504
2021-06-11,37334.3984,2353.7688,394.3008
2021-06-12,35552.5156,2372.4844,
2021-06-13,39097.8594,2508.3916,
2021-06-14,40218.4766,2537.8911,395.1837
2021-06-15,40406.2695,2610.9368,394.4589
2021-06-16,38347.0625,2367.6636,392.2565
2021-06-17,38053.5039,2372.002,392.1263
2021-06-18,35787.2461,2231.7332,386.8364
2021-06-19,35615.8711,2178.499,
2021-06-20,35698.2969,2246.3645,
2021-06-21,31676.6934,1888.4475,392.3744
2021-06-22,32505.6602,1874.9501,394.472
2021-06-23,33723.0273,1989.7363,393.9966
2021-06-24,34662.4375,1988.4563,396.3273
2021-06-25,31637.7793,1813.2173,397.7351
2021-06-26,32186.2773,1829.2393,
2021-06-27,34649.6445,1978.8947,
2021-06-28,34434.3359,2079.6575,398.537
2021-06-29,35867.7773,2160.7683,398.7514
2021-06-30,35040.8359,2274.5476,399.087
2021-07-01,33572.1172,2113.6055,401.2966
2021-07-02,33897.0469,2150.0403,404.3639
2021-07-03,34668.5469,2226.1143,
2021-07-04,35287.7812,2321.7241,
2021-07-05,33746.0039,2198.5825,
2021-07-06,34235.1953,2324.6794,403.6274
2021-07-07,33855.3281,2315.1619,405.0538
2021-07-08,32877.3711,2120.0264,401.7534
2021-07-09,33798.0117,2146.6924,406.042
2021-07-10,33520.5195,2111.4036,
2021-07-11,34240.1875,2139.6648,
2021-07-12,33155.8477,2036.7211,407.4965
2021-07-13,32702.0254,1940.084,406.1073
2021-07-14,32822.3477,1994.3313,406.7133
2021-07-15,31780.7305,1911.1757,405.3242
2021-07-16,31421.5391,1880.3829,402.1451
2021-07-17,31533.0684,1898.8252,
2021-07-18,31796.8105,1895.5521,
2021-07-19,30817.832,1817.2966,396.2062
2021-07-20,29807.3477,1787.5107,401.884
2021-07-21,32110.6934,1990.9708,405.1377
2021-07-22,32313.1055,2025.2028,405.9861
2021-07-23,33581.5508,2124.7766,410.1629
2021-07-24,34292.4453,2189.2188,
2021-07-25,35350.1875,2191.3738,
2021-07-26,37337.5352,2233.3667,411.1698
2021-07-27,39406.9414,2298.3335,409.2959
2021-07-28,39995.9062,2296.5454,409.1281
2021-07-29,40008.4219,2380.9568,410.8248
2021-07-30,42235.5469,2466.9614,408.8297
2021-07-31,41626.1953,2536.21,
2021-08-01,39974.8945,2561.8521,
2021-08-02,39201.9453,2610.1533,407.972
2021-08-03,38152.9805,2502.3496,411.291
2021-08-04,39747.5039,2724.6199,409.2679
2021-08-05,40869.5547,2827.3289,411.8598
2021-08-06,42816.5,2890.9417,412.5403
2021-08-07,44555.8008,3157.2388,
2021-08-08,43798.1172,3013.7327,
2021-08-09,46365.4023,3167.8562,412.2047
2021-08-10,45585.0312,3141.6912,412.7174
2021-08-11,45593.6367,3164.2451,413.743
2021-08-12,44428.2891,3043.4143,414.983
2021-08-13,47793.3203,3322.2117,415.7383
2021-08-14,47096.9453,3265.4434,
2021-08-15,47047.0039,3310.5042,
2021-08-16,46004.4844,3156.5095,416.7171
2021-08-17,44695.3594,3014.8459,413.9854
2021-08-18,44801.1875,3020.0898,409.4544
2021-08-19,46717.5781,3182.7021,410.0883
2021-08-20,49339.1758,3286.9353,413.3514
2021-08-21,48905.4922,3226.084,
2021-08-22,49321.6523,3242.1155,
2021-08-23,49546.1484,3319.2573,416.9875
2021-08-24,47706.1172,3172.4563,417.6494
2021-08-25,48960.7891,3224.9153,418.5258
2021-08-26,46942.2188,3100.3254,416.0551
2021-08-27,49058.668,3270.6008,419.7751
2021-08-28,48902.4023,3244.4033,
2021-08-29,48829.832,3227.0027,
2021-08-30,47054.9844,3224.3743,421.621
2021-08-31,47166.6875,3433.7327,420.9964
2021-09-01,48847.0273,3834.8281,421.2202
2021-09-02,49327.7227,3790.99,422.5162
2021-09-03,50025.375,3940.6147,422.4135
2021-09-04,49944.625,3887.8284,
2021-09-05,51753.4102,3952.1335,
2021-09-06,52633.5352,3928.3794,
2021-09-07,46811.1289,3426.3943,420.9032
2021-09-08,46091.3906,3497.3152,420.3904
2021-09-09,46391.4219,3427.3401,418.5911
2021-09-10,44883.9102,3211.5059,415.2907
2021-09-11,45201.457,3270.2781,
2021-09-12,46063.2695,3410.1345,
2021-09-13,44963.0742,3285.5117,416.3535
2021-09-14,47092.4922,3429.1697,414.1066
2021-09-15,48176.3477,3615.2827,417.5655
2021-09-16,47783.3594,3571.2949,416.9036
2021-09-17,47267.5195,3398.5388,412.8425
2021-09-18,48278.3633,3432.0183,
2021-09-19,47260.2188,3329.448,
2021-09-20,42843.8008,2958.9934,405.9587
2021-09-21,40693.6758,2764.4312,405.5752
2021-09-22,43574.5078,3077.8679,409.5315
2021-09-23,44895.0977,3155.5237,414.5073
2021-09-24,42839.75,2931.6692,415.1901
2021-09-25,42716.5938,2925.5657,
2021-09-26,43208.5391,3062.2654,
2021-09-27,42235.7305,2934.1389,414.0023
2021-09-28,41034.543,2807.2966,405.6594
2021-09-29,41564.3633,2853.1433,406.3422
2021-09-30,43790.8945,3001.679,401.3757
2021-10-01,48116.9414,3307.5161,406.1457
2021-10-02,47711.4883,3391.6943,
2021-10-03,48199.9531,3418.3586,
2021-10-04,49112.9023,3380.0891,400.9081
2021-10-05,51514.8125,3518.5186,405.0795
2021-10-06,55361.4492,3580.562,406.763
2021-10-07,53805.9844,3587.9749,410.2799
2021-10-08,53967.8477,3563.7593,409.5315
2021-10-09,54968.2227,3575.7168,
2021-10-10,54771.5781,3425.8528,
2021-10-11,57484.7891,3545.354,406.5667
2021-10-12,56041.0586,3492.5732,405.5658
2021-10-13,57401.0977,3606.2017,407.0249
2021-10-14,57321.5234,3786.0142,413.8713
2021-10-15,61593.9492,3862.6348,417.0233
2021-10-16,60892.1797,3830.3821,
2021-10-17,61553.6172,3847.1045,
2021-10-18,62026.0781,3748.7603,418.2579
2021-10-19,64261.9922,3877.6509,421.4847
2021-10-20,65992.8359,4155.9922,423.1401
2021-10-21,62210.1719,4054.3228,424.2438
2021-10-22,60692.2656,3970.1819,423.8042
2021-10-23,61393.6172,4171.6636,
2021-10-24,60930.8359,4087.9031,
2021-10-25,63039.8242,4217.877,426.077
2021-10-26,60363.793,4131.1021,426.4605
2021-10-27,58482.3867,3930.2573,424.5712
2021-10-28,60622.1367,4287.3188,428.6678
2021-10-29,62227.9648,4414.7466,429.5377
2021-10-30,61888.832,4325.6504,
2021-10-31,61318.957,4288.0742,
2021-11-01,61004.4062,4324.627,430.2766
2021-11-02,63226.4023,4584.7988,432.0162
2021-11-03,62970.0469,4607.1938,434.6537
2021-11-04,61452.2305,4537.3242,436.7021
2021-11-05,61125.6758,4486.2432,438.2173
2021-11-06,61527.4805,4521.5811,
2021-11-07,63326.9883,4620.5547,
2021-11-08,67566.8281,4812.0874,438.5913
2021-11-09,66971.8281,4735.0688,437.1417
2021-11-10,64995.2305,4636.1743,433.625
2021-11-11,64949.9609,4730.3843,433.7653
2021-11-12,64155.9414,4667.1152,437.0388
2021-11-13,64469.5273,4651.4604,
2021-11-14,65466.8398,4626.3589,
2021-11-15,63557.8711,4557.5039,437.1884
2021-11-16,60161.2461,4216.3652,438.9187
2021-11-17,60368.0117,4287.5938,437.8525
2021-11-18,56942.1367,4000.6509,439.3397
2021-11-19,58119.5781,4298.3066,438.554
2021-11-20,59697.1953,4409.9312,
2021-11-21,58730.4766,4269.7329,
2021-11-22,56289.2891,4088.4578,437.3194
2021-11-23,57569.0742,4340.7637,437.8992
2021-11-24,56280.4258,4239.9814,439.0683
2021-11-25,57274.6797,4274.7432,
2021-11-26,53569.7656,4030.9089,429.2758
2021-11-27,54815.0781,4096.9121,
2021-11-28,57248.457,4294.4536,
2021-11-29,57806.5664,4445.105,434.5415
2021-11-30,57005.4258,4631.479,426.0864
2021-12-01,57229.8281,4586.9902,421.3537
2021-12-02,56477.8164,4511.3022,427.8073
2021-12-03,53598.2461,4220.7061,424.0848
2021-12-04,49200.7031,4119.5874,
2021-12-05,49368.8477,4198.3228,
2021-12-06,50582.625,4358.7373,429.1074
2021-12-07,50700.0859,4315.0615,437.9834
2021-12-08,50504.7969,4439.3579,439.1432
2021-12-09,47672.1211,4119.8159,436.1783
2021-12-10,47243.3047,3908.4961,440.2843
2021-12-11,49362.5078,4084.4524,
2021-12-12,50098.3359,4134.4531,
2021-12-13,46737.4805,3784.2268,436.3841
2021-12-14,46612.6328,3745.4404,433.3817
2021-12-15,48896.7227,4018.3887,440.1533
2021-12-16,47665.4258,3962.4697,436.2719
2021-12-17,46202.1445,3879.4866,431.6286
2021-12-18,46848.7773,3960.8601,
2021-12-19,46707.0156,3922.5925,
2021-12-20,46880.2773,3933.8445,427.039
2021-12-21,48936.6133,4020.26,434.6228
2021-12-22,48628.5117,3982.0996,438.9684
2021-12-23,50784.5391,4108.0156,441.6997
2021-12-24,50822.1953,4047.9829,
2021-12-25,50429.8594,4093.281,
2021-12-26,50809.5156,4067.3281,
2021-12-27,50640.418,4037.5476,447.9507
2021-12-28,47588.8555,3800.8931,447.5846
2021-12-29,46444.7109,3628.5317,448.1573
2021-12-30,47178.125,3713.8521,446.9182
2021-12-31,46306.4453,3682.6328,445.792
2022-01-01,47686.8125,3769.697,
2022-01-02,47345.2188,3829.5649,
2022-01-03,46458.1172,3761.3804,448.373
2022-01-04,45897.5742,3794.0566,448.2229
2022-01-05,43569.0039,3550.387,439.616
2022-01-06,43160.9297,3418.4082,439.203
2022-01-07,41557.9023,3193.2104,437.4666
2022-01-08,41733.9414,3091.9727,
2022-01-09,41911.6016,3157.7515,
2022-01-10,41821.2617,3083.0979,436.9223
2022-01-11,42735.8555,3238.1116,440.9018
2022-01-12,43949.1016,3372.2583,442.0939
2022-01-13,42591.5703,3248.2886,436.0024
2022-01-14,43099.6992,3310.0015,436.1808
2022-01-15,43177.3984,3330.5308,
2022-01-16,43113.8789,3350.9219,
2022-01-17,42250.5508,3212.3049,
2022-01-18,42375.6328,3164.0251,428.4562
2022-01-19,41744.3281,3095.8259,424.0073
2022-01-20,40680.418,3001.1201,419.3144
2022-01-21,36457.3164,2557.9316,411.0829
2022-01-22,35030.25,2405.1812,
2022-01-23,36276.8047,2535.0391,
2022-01-24,36654.3281,2440.3523,412.8287
2022-01-25,36954.0039,2455.9351,407.7885
2022-01-26,36852.1211,2468.0303,406.7655
2022-01-27,37138.2344,2423.0012,404.7568
2022-01-28,37784.332,2547.092,414.8091
2022-01-29,38138.1797,2597.0847,
2022-01-30,37917.6016,2603.4666,
2022-01-31,38483.125,2688.2788,422.2803
2022-02-01,38743.2734,2792.1172,425.1336
2022-02-02,36952.9844,2682.854,429.2634
2022-02-03,37154.6016,2679.1626,419.1736
2022-02-04,41500.875,2983.5869,421.1446
2022-02-05,41441.1641,3014.6482,
2022-02-06,42412.4336,3057.4761,
2022-02-07,43840.2852,3142.4707,419.793
2022-02-08,44118.4453,3122.6086,423.2471
2022-02-09,44338.7969,3239.457,429.4418
2022-02-10,43565.1133,3077.4822,421.7265
2022-02-11,42407.9375,2927.3835,413.4106
2022-02-12,42244.4688,2917.3628,
2022-02-13,42197.5156,2883.4634,
2022-02-14,42586.918,2933.479,412.0591
2022-02-15,44575.2031,3179.8772,418.7043
2022-02-16,43961.8594,3127.8301,419.1736
2022-02-17,40538.0117,2881.4819,410.2195
2022-02-18,40030.9766,2785.7275,407.5633
2022-02-19,40122.1562,2763.7012,
2022-02-20,38431.3789,2628.6484,
2022-02-21,37075.2812,2573.8162,
2022-02-22,38286.0273,2639.2993,403.1895
2022-02-23,37296.5703,2590.3596,396.0374
2022-02-24,38332.6094,2598.0671,401.9974
2022-02-25,39214.2188,2764.5356,410.8671
2022-02-26,39105.1484,2781.1118,
2022-02-27,37709.7852,2621.8018,
2022-02-28,43193.2344,2919.2012,409.8158
2022-03-01,44354.6367,2972.4851,403.5742
2022-03-02,43924.1172,2950.1184,410.9985
2022-03-03,42451.7891,2834.469,408.9524
2022-03-04,39137.6055,2617.156,405.6298
2022-03-05,39400.5859,2664.8311,
2022-03-06,38419.9844,2555.0374,
2022-03-07,38062.0391,2497.7712,393.6721
2022-03-08,38737.2695,2576.7476,390.6875
2022-03-09,41982.9258,2729.7834,401.1621
2022-03-10,39437.4609,2608.0486,399.3506
2022-03-11,38794.9727,2559.563,394.2728
2022-03-12,38904.0117,2574.7542,
2022-03-13,37849.6641,2518.9446,
2022-03-14,39666.7539,2590.696,391.3914
2022-03-15,39338.7852,2620.1497,399.9982
2022-03-16,41143.9297,2772.0557,408.8679
2022-03-17,40951.3789,2814.8545,413.9832
2022-03-18,41801.1562,2945.343,418.5175
2022-03-19,42190.6523,2946.2571,
2022-03-20,41247.8242,2860.4592,
2022-03-21,41077.9961,2897.9766,418.3951
2022-03-22,42358.8086,2973.1311,423.2909
2022-03-23,42892.957,3031.0671,417.8396
2022-03-24,43960.9336,3108.062,424.1382
2022-03-25,44348.7305,3106.6714,426.2096
2022-03-26,44500.8281,3143.179,
2022-03-27,46820.4922,3291.5776,
2022-03-28,47128.0039,3336.6345,429.2412
2022-03-29,47465.7305,3401.9878,434.5512
2022-03-30,47062.6641,3385.158,431.868
2022-03-31,45538.6758,3281.6428,425.2211
2022-04-01,46281.6445,3449.5522,426.4261
2022-04-02,45868.9492,3445.0593,
2022-04-03,46453.5664,3522.8335,
2022-04-04,46622.6758,3521.2412,430.0791
2022-04-05,45555.9922,3411.7925,424.6467
2022-04-06,43206.7383,3171.6919,420.4005
2022-04-07,43503.8477,3233.2747,422.5188
2022-04-08,42287.6641,3192.074,421.389
2022-04-09,42782.1367,3261.9163,
2022-04-10,42207.6719,3211.8669,
2022-04-11,39521.9023,2981.0522,414.1866
2022-04-12,40127.1836,3030.3765,412.6519
2022-04-13,41166.7305,3118.3442,417.3782
2022-04-14,39935.5156,3019.9094,412.1812
2022-04-15,40553.4648,3040.9165,
2022-04-16,40424.4844,3062.3103,
2022-04-17,39716.9531,2993.4033,
2022-04-18,40826.2148,3057.6067,412.3506
2022-04-19,41502.75,3104.1064,419.007
2022-04-20,41374.3789,3077.7458,418.6963
2022-04-21,40527.3633,2987.4807,412.4354
2022-04-22,39740.3203,2964.8357,401.1184
2022-04-23,39486.7305,2938.114,
2022-04-24,39469.293,2922.7327,
2022-04-25,40458.3086,3009.3936,403.444
2022-04-26,38117.4609,2808.2983,391.7599
2022-04-27,39241.1211,2888.9297,392.8615
2022-04-28,39773.8281,2936.9409,402.7849
2022-04-29,38609.8242,2815.6018,387.8998
2022-04-30,37714.875,2730.1868,
2022-05-01,38469.0938,2827.7561,
2022-05-02,38529.3281,2857.4104,390.2347
2022-05-03,37750.4531,2783.4763,392.0235
2022-05-04,39698.3711,2940.6448,403.9618
2022-05-05,36575.1406,2749.2131,389.6039
2022-05-06,36040.9219,2694.9797,387.2783
2022-05-07,35501.9531,2636.093,
2022-05-08,34059.2656,2517.46,
2022-05-09,30296.9531,2245.4304,374.8788
2022-05-10,31022.9062,2343.511,375.7449
2022-05-11,28936.3555,2072.1086,369.7758
2022-05-12,29047.752,1961.7015,369.3897
2022-05-13,29283.1035,2014.4182,378.2211
2022-05-14,30101.2656,2056.2739,
2022-05-15,31305.1133,2145.7068,
2022-05-16,29862.918,2022.726,376.6864
2022-05-17,30425.8574,2090.4092,384.435
2022-05-18,28720.2715,1916.6561,368.9378
2022-05-19,30314.334,2018.3362,366.6782
2022-05-20,29200.7402,1961.3157,366.8383
2022-05-21,29432.2266,1974.5183,
2022-05-22,30323.7227,2043.1702,
2022-05-23,29098.9102,1972.1819,373.7018
2022-05-24,29655.5859,1978.9828,370.8491
2022-05-25,29562.3613,1944.8279,374.1255
2022-05-26,29267.2246,1803.9133,381.601
2022-05-27,28627.5742,1724.9229,390.9691
2022-05-28,28814.9004,1757.9418,
2022-05-29,29445.957,1812.031,
2022-05-30,31726.3906,1996.4413,
2022-05-31,31792.3105,1942.328,388.7754
2022-06-01,29799.0801,1823.5693,385.6307
2022-06-02,30467.4883,1834.1505,392.9745
2022-06-03,29704.3906,1775.0786,386.5251
2022-06-04,29832.9141,1801.6095,
2022-06-05,29906.6621,1805.205,
2022-06-06,31370.6719,1859.2897,387.7021
2022-06-07,31155.4785,1814.0483,391.421
2022-06-08,30214.3555,1793.5723,387.1654
2022-06-09,30111.998,1789.826,377.9575
2022-06-10,29083.8047,1665.0422,366.9983
2022-06-11,28360.8105,1529.6635,
2022-06-12,26762.6484,1445.2166,
2022-06-13,22487.3887,1204.5828,353.064
2022-06-14,22206.793,1211.6628,352.0002
2022-06-15,22572.8398,1233.2064,357.0184
2022-06-16,20381.6504,1067.7307,345.2025
2022-06-17,20471.4824,1086.5193,345.9467
2022-06-18,19017.6426,993.6368,
2022-06-19,20553.2715,1127.6565,
2022-06-20,20599.5371,1127.6425,
2022-06-21,20710.5977,1124.8246,354.6554
2022-06-22,19987.0293,1051.4219,354.0125
2022-06-23,21085.877,1143.3867,357.4827
2022-06-24,21231.6562,1226.8447,368.8484
2022-06-25,21502.3379,1243.4469,
2022-06-26,21027.2949,1199.8317,
2022-06-27,20735.4785,1193.6807,367.4395
2022-06-28,20280.6348,1144.5792,359.9316
2022-06-29,20104.0234,1098.9438,359.6385
2022-06-30,19784.7266,1067.2988,356.7167
2022-07-01,19269.3672,1059.7673,360.4896
2022-07-02,19242.2559,1066.5128,
2022-07-03,19297.0762,1073.767,
2022-07-04,20231.2617,1151.0591,
2022-07-05,20190.1152,1134.541,361.1704
2022-07-06,20548.2461,1186.974,362.3902
2022-07-07,21637.5879,1237.5934,367.8178
2022-07-08,21731.1172,1222.5062,367.5151
2022-07-09,21592.207,1216.9783,
2022-07-10,20860.4492,1168.4016,
2022-07-11,19970.5566,1097.2366,363.3168
2022-07-12,19323.9141,1038.1917,360.1019
2022-07-13,20212.0742,1113.5872,358.2108
2022-07-14,20569.9199,1191.5262,357.3409
2022-07-15,20836.3281,1233.1292,364.1678
2022-07-16,21190.3164,1352.6265,
2022-07-17,20779.3438,1338.6357,
2022-07-18,22485.6895,1578.7179,361.1609
2022-07-19,23389.4336,1542.9752,370.9193
2022-07-20,23231.7324,1520.2007,373.2832
2022-07-21,23164.6289,1576.7495,377.0844
2022-07-22,22714.9785,1537.4052,373.5858
2022-07-23,22465.4785,1549.2975,
2022-07-24,22609.1641,1599.4767,
2022-07-25,21361.7012,1445.3834,374.0396
2022-07-26,21239.7539,1441.8068,369.6144
2022-07-27,22930.5488,1636.2327,379.2119
2022-07-28,23843.8867,1725.4681,383.9681
2022-07-29,23804.6328,1727.407,389.5659
2022-07-30,23656.207,1695.9695,
2022-07-31,23336.8965,1681.5173,
2022-08-01,23314.1992,1635.1958,388.4124
2022-08-02,22978.1172,1632.9454,385.8498
2022-08-03,22846.5078,1618.8745,391.892
2022-08-04,22630.957,1608.2058,391.6273
2022-08-05,23289.3145,1732.2546,390.9653
2022-08-06,22961.2793,1691.6581,
2022-08-07,23175.8906,1699.3508,
2022-08-08,23809.4863,1775.5161,390.5115
2022-08-09,23164.3184,1703.025,388.9608
2022-08-10,23947.6426,1851.7427,397.1306
2022-08-11,23957.5293,1881.2241,397.1306
2022-08-12,24402.8184,1957.2465,403.8535
2022-08-13,24424.0684,1981.3365,
2022-08-14,24319.334,1936.802,
2022-08-15,24136.9727,1904.2281,405.5176
2022-08-16,23883.291,1878.1394,406.312
2022-08-17,23335.998,1832.9996,403.4279
2022-08-18,23212.7383,1847.0078,404.6005
2022-08-19,20877.5527,1612.9873,399.1635
2022-08-20,21166.0605,1577.0038,
2022-08-21,21534.1211,1619.319,
2022-08-22,21398.9082,1622.5059,390.8519
2022-08-23,21528.0879,1662.7699,389.9064
2022-08-24,21395.0195,1657.0592,391.1545
2022-08-25,21600.9043,1696.457,396.6766
2022-08-26,20260.0195,1507.7828,383.2495
2022-08-27,20041.7383,1491.395,
2022-08-28,19616.8145,1430.5474,
2022-08-29,20297.9941,1553.0374,380.7154
2022-08-30,19796.8086,1523.8389,376.5359
2022-08-31,20049.7637,1553.6849,373.6708
2022-09-01,20127.1406,1586.1768,374.8434
2022-09-02,19969.7715,1577.2205,370.8909
2022-09-03,19832.0879,1556.8727,
2022-09-04,19986.7129,1577.6416,
2022-09-05,19812.3711,1617.1832,
2022-09-06,18837.668,1561.7485,369.4914
2022-09-07,19290.3242,1629.9064,376.1293
2022-09-08,19329.834,1635.3477,378.5878
2022-09-09,21381.1523,1719.0854,384.4693
2022-09-10,21680.5391,1776.2037,
2022-09-11,21769.2559,1761.8,
2022-09-12,22370.4492,1713.7653,388.6014
2022-09-13,20296.707,1580.788,371.7041
2022-09-14,20241.0898,1634.755,373.1224
2022-09-15,19701.2109,1471.6935,368.8863
2022-09-16,19772.584,1432.4478,366.0721
2022-09-17,20127.5762,1469.7417,
2022-09-18,19419.5059,1335.3291,
2022-09-19,19544.1289,1377.5414,368.9109
2022-09-20,18890.7891,1324.3882,364.6763
2022-09-21,18547.4004,1252.6078,358.3151
2022-09-22,19413.5508,1327.6802,355.3052
2022-09-23,19297.6387,1328.2595,349.3521
2022-09-24,18937.0117,1317.9933,
2022-09-25,18802.0977,1294.2168,
2022-09-26,19222.6719,1335.3202,345.8961
2022-09-27,19110.5469,1330.1277,345.0132
2022-09-28,19426.7207,1337.4109,351.8017
2022-09-29,19573.0508,1335.6523,344.4529
2022-09-30,19431.7891,1327.9786,339.1266
2022-10-01,19312.0957,1311.6444,
2022-10-02,19044.1074,1276.0935,
2022-10-03,19623.5801,1323.4392,348.0799
2022-10-04,20336.8438,1362.1266,358.8658
2022-10-05,20160.7168,1352.8372,358.0302
2022-10-06,19955.4434,1351.7095,354.3368
2022-10-07,19546.8496,1332.517,344.4529
2022-10-08,19416.5684,1315.5005,
2022-10-09,19446.4258,1322.6042,
2022-10-10,19141.4844,1291.3376,341.8229
2022-10-11,19051.418,1279.5757,339.6582
2022-10-12,19157.4453,1294.9064,338.5378
2022-10-13,19382.9043,1288.1239,347.4723
2022-10-14,19185.6562,1297.4221,339.5538
2022-10-15,19067.6348,1274.8717,
2022-10-16,19268.0938,1306.2966,
2022-10-17,19550.7578,1331.7136,348.2793
2022-10-18,19334.416,1310.447,352.3714
2022-10-19,19139.5352,1285.7443,349.8744
2022-10-20,19053.7402,1283.2009,346.9406
2022-10-21,19172.4688,1299.9464,355.3718
2022-10-22,19208.1895,1314.2992,
2022-10-23,19567.0078,1363.447,
2022-10-24,19345.5723,1344.9985,359.7202
2022-10-25,20095.8574,1461.6654,365.4644
2022-10-26,20770.4414,1566.5667,362.711
2022-10-27,20285.8359,1514.3749,360.7741
2022-10-28,20595.3516,1555.4779,369.3572
2022-10-29,20818.4766,1619.6985,
2022-10-30,20635.6035,1590.7833,
2022-10-31,20495.7734,1572.7145,366.6891
2022-11-01,20485.2734,1579.7046,365.0846
2022-11-02,20159.5039,1519.7118,355.9224
2022-11-03,20209.9883,1531.5417,352.2576
2022-11-04,21147.2305,1645.0934,357.3276
2022-11-05,21282.6914,1627.968,
2022-11-06,20926.4863,1572.2347,
2022-11-07,20602.8164,1568.5913,360.7456
2022-11-08,18541.2715,1332.8356,362.692
2022-11-09,15880.7803,1100.1698,355.2198
2022-11-10,17586.7715,1299.4646,374.7406
2022-11-11,17034.293,1287.2211,378.3675
2022-11-12,16799.1855,1255.2683,
2022-11-13,16353.3652,1221.8192,
2022-11-14,16618.1992,1241.6042,375.1488
2022-11-15,16884.6133,1251.7362,378.3485
2022-11-16,16669.4395,1215.6025,375.4622
2022-11-17,16687.5176,1200.8086,374.3133
2022-11-18,16697.7773,1212.3003,376.0128
2022-11-19,16711.5469,1218.4268,
2022-11-20,16291.832,1142.4667,
2022-11-21,15787.2842,1108.353,374.6457
2022-11-22,16189.7695,1135.1735,379.6873
2022-11-23,16610.707,1183.1996,382.0798
2022-11-24,16604.4648,1203.9832,
2022-11-25,16521.8418,1198.9259,381.9943
2022-11-26,16464.2812,1205.8979,
2022-11-27,16444.627,1195.127,
2022-11-28,16217.3223,1170.0862,375.899
2022-11-29,16444.9824,1216.9012,375.2533
2022-11-30,17168.5664,1295.6886,387.074
2022-12-01,16967.1328,1276.2739,386.7892
2022-12-02,17088.6602,1294.3033,386.343
2022-12-03,16908.2363,1243.3348,
2022-12-04,17130.4863,1280.2566,
2022-12-05,16974.8262,1259.6768,379.3929
2022-12-06,17089.5039,1271.6538,373.9241
2022-12-07,16848.127,1232.4375,373.288
2022-12-08,17233.4746,1281.1163,376.2122
2022-12-09,17133.1523,1264.2848,373.4019
2022-12-10,17128.7246,1266.3842,
2022-12-11,17104.1934,1263.8685,
2022-12-12,17206.4375,1274.619,378.7853
2022-12-13,17781.3184,1320.5492,381.6526
2022-12-14,17815.6504,1309.3287,379.2126
2022-12-15,17364.8652,1266.3539,369.9363
2022-12-16,16647.4844,1168.2594,365.5688
2022-12-17,16795.0918,1188.1495,
2022-12-18,16757.9766,1184.7152,
2022-12-19,16439.6797,1167.6099,362.4689
2022-12-20,16906.3047,1217.7036,362.9649
2022-12-21,16817.5352,1213.6,368.3922
2022-12-22,16830.3418,1218.1821,363.1366
2022-12-23,16796.9531,1220.1594,365.2254
2022-12-24,16847.7559,1221.1486,
2022-12-25,16841.9863,1218.962,
2022-12-26,16919.8047,1226.9744,
2022-12-27,16717.1738,1212.7916,363.7852
2022-12-28,16552.5723,1189.9861,359.2641
2022-12-29,16642.3418,1201.5953,365.731
2022-12-30,16602.5859,1199.2328,364.7676
2022-12-31,16547.4961,1196.7712,
2023-01-01,16625.0801,1200.9648,
2023-01-02,16688.4707,1214.6566,
2023-01-03,16679.8574,1214.7788,363.232
2023-01-04,16863.2383,1256.5266,366.0362
2023-01-05,16836.7363,1250.4386,361.8585
2023-01-06,16951.9688,1269.379,370.1567
2023-01-07,16955.0781,1264.2704,
2023-01-08,17091.1445,1287.3595,
2023-01-09,17196.5547,1321.5389,369.9468
2023-01-10,17446.293,1336.5861,372.5412
2023-01-11,17934.8965,1387.9327,377.2531
2023-01-12,18869.5879,1417.9385,378.6265
2023-01-13,19909.5742,1451.6149,380.0955
2023-01-14,20976.2988,1550.7069,
2023-01-15,20880.7988,1552.4795,
2023-01-16,21169.6328,1576.8335,
2023-01-17,21161.5195,1567.8461,379.3991
2023-01-18,20688.7812,1515.507,373.4093
2023-01-19,21086.793,1552.5565,370.6908
2023-01-20,22676.5527,1659.7542,377.5965
2023-01-21,22777.625,1627.1182,
2023-01-22,22720.416,1628.3821,
2023-01-23,22934.4316,1628.2511,382.1271
2023-01-24,22636.4688,1556.6042,381.7169
2023-01-25,23117.8594,1611.7111,381.86
2023-01-26,23032.7773,1603.106,386.0568
2023-01-27,23078.7285,1598.1565,386.9438
2023-01-28,23031.0898,1572.4351,
2023-01-29,23774.5664,1646.1556,
2023-01-30,22840.1387,1567.3265,382.089
2023-01-31,23139.2832,1586.5354,387.7068
2023-02-01,23723.7695,1641.7927,391.8273
2023-02-02,23471.8711,1643.2416,397.5312
2023-02-03,23449.3223,1664.7456,393.3058
2023-02-04,23331.8477,1667.0592,
2023-02-05,22955.666,1631.6459,
2023-02-06,22760.1094,1616.2471,390.9021
2023-02-07,23264.291,1672.0035,396.0146
2023-02-08,22939.3984,1650.7168,391.6843
2023-02-09,21819.0391,1546.4382,388.2888
2023-02-10,21651.1836,1514.8691,389.1948
2023-02-11,21870.875,1539.9268,
2023-02-12,21788.2031,1515.0337,
2023-02-13,21808.1016,1507.1659,393.7636
2023-02-14,22220.8047,1556.8751,393.5824
2023-02-15,24307.8418,1673.746,394.8605
2023-02-16,23623.4746,1640.0676,389.4238
2023-02-17,24565.6016,1694.7833,388.4509
2023-02-18,24641.2773,1691.8195,
2023-02-19,24327.6426,1681.4362,
2023-02-20,24829.1484,1702.6752,
2023-02-21,24436.3535,1658.0364,380.6582
2023-02-22,24188.8438,1643.2317,380.1336
2023-02-23,23947.4922,1651.0739,382.1557
2023-02-24,23198.127,1608.3732,378.0734
2023-02-25,23175.375,1594.9149,
2023-02-26,23561.2129,1640.8171,
2023-02-27,23522.8711,1634.3264,379.3611
2023-02-28,23147.3535,1605.8951,377.9589
2023-03-01,23646.5508,1663.4337,376.5091
2023-03-02,23475.4668,1647.3193,379.4373
2023-03-03,22362.6797,1569.1676,385.5227
2023-03-04,22353.3496,1566.924,
2023-03-05,22435.5137,1564.4688,
2023-03-06,22429.7578,1567.3987,385.7897
2023-03-07,22219.7695,1561.9331,379.8761
2023-03-08,21718.0801,1534.0883,380.4961
2023-03-09,20363.0215,1438.6608,373.476
2023-03-10,20187.2441,1429.1581,368.0869
2023-03-11,20632.4102,1482.6167,
2023-03-12,22163.9492,1590.293,
2023-03-13,24197.5332,1680.309,367.5623
2023-03-14,24746.0742,1703.5071,373.6381
2023-03-15,24375.9609,1656.1805,371.3013
2023-03-16,25052.7891,1677.2155,377.8158
2023-03-17,27423.9297,1792.4851,373.3981
2023-03-18,26965.8789,1761.6597,
2023-03-19,28038.6758,1785.5765,
2023-03-20,27767.2363,1735.3213,376.9886
2023-03-21,28175.8164,1806.7607,381.9386
2023-03-22,27307.4375,1737.717,375.4279
2023-03-23,28333.9727,1816.4052,376.4428
2023-03-24,27493.2852,1752.0448,378.9131
2023-03-25,27494.707,1743.7648,
2023-03-26,27994.3301,1775.6768,
2023-03-27,27139.8887,1715.4608,379.6216
2023-03-28,27268.1309,1772.7856,378.7695
2023-03-29,28348.4414,1793.0018,384.2749
2023-03-30,28033.5625,1792.7372,386.5249
2023-03-31,28478.4844,1822.0221,391.9728
2023-04-01,28411.0352,1813.8606,
2023-04-02,28199.3086,1795.7081,
2023-04-03,27790.2207,1810.2971,393.4664
2023-04-04,28168.0898,1871.0051,391.2834
2023-04-05,28177.9844,1909.114,390.259
2023-04-06,28044.1406,1872.9226,391.7813
2023-04-07,27925.8594,1865.6361,
2023-04-08,27947.7949,1849.4982,
2023-04-09,28333.0508,1859.3878,
2023-04-10,29652.9805,1911.2075,392.1834
2023-04-11,30235.0586,1892.1897,392.2888
2023-04-12,30139.0527,1920.6821,390.6897
2023-04-13,30399.0664,2012.6346,395.8792
2023-04-14,30485.6992,2101.6355,394.9121
2023-04-15,30318.4961,2092.4668,
2023-04-16,30315.3555,2120.0059,
2023-04-17,29445.0449,2076.2429,396.3292
2023-04-18,30397.5527,2104.5374,396.5877
2023-04-19,28822.6797,1936.4034,396.5207
2023-04-20,28245.9883,1943.0977,394.3568
2023-04-21,27276.9102,1849.9999,394.6631
2023-04-22,27817.5,1874.2286,
2023-04-23,27591.3848,1862.062,
2023-04-24,27525.3398,1842.7574,395.0749
2023-04-25,28307.5977,1866.7537,388.8035
2023-04-26,28422.7012,1866.5642,387.1567
2023-04-27,29473.7871,1908.7864,394.8643
2023-04-28,29340.2617,1892.5128,398.2346
2023-04-29,29248.4883,1908.917,
2023-04-30,29268.8066,1876.9243,
2023-05-01,28091.5684,1831.9548,397.8324
2023-05-02,28680.5371,1870.7893,393.361
2023-05-03,29006.3086,1904.6519,390.661
2023-05-04,28847.7109,1877.7041,387.894
2023-05-05,29534.3848,1995.0609,395.0749
2023-05-06,28904.623,1900.2218,
2023-05-07,28454.9785,1873.0764,
2023-05-08,27694.2734,1849.0427,395.1802
2023-05-09,27658.7754,1848.6031,393.4472
2023-05-10,27621.7559,1842.4015,395.2856
2023-05-11,27000.7891,1796.4906,394.5962
2023-05-12,26804.9902,1808.0198,394.0792
2023-05-13,26784.0781,1796.1149,
2023-05-14,26930.6387,1800.501,
2023-05-15,27192.6934,1817.5499,395.4388
2023-05-16,27036.6504,1824.1215,392.7962
2023-05-17,27398.8027,1821.8596,397.5643
2023-05-18,26832.209,1801.7285,401.3942
2023-05-19,26890.1289,1812.5895,400.8101
2023-05-20,27129.5859,1820.478,
2023-05-21,26753.8262,1804.5314,
2023-05-22,26851.2773,1817.5348,400.9728
2023-05-23,27225.7266,1854.3806,396.4728
2023-05-24,26334.8184,1800.1,393.6004
2023-05-25,26476.207,1805.9537,397.0089
2023-05-26,26719.291,1828.6897,402.1505
2023-05-27,26868.3535,1831.1183,
2023-05-28,28085.6465,1910.9142,
2023-05-29,27745.8848,1893.0781,
2023-05-30,27702.3496,1901.0266,402.3037
2023-05-31,27219.6582,1874.1305,400.0728
2023-06-01,26819.9727,1862.2014,403.874
2023-06-02,27249.5898,1907.2566,409.7144
2023-06-03,27075.1289,1892.4125,
2023-06-04,27119.0664,1890.5135,
2023-06-05,25760.0977,1811.8284,408.9293
2023-06-06,27238.7832,1884.4949,409.8197
2023-06-07,26345.998,1832.396,408.4027
2023-06-08,26508.2168,1846.3019,410.873
2023-06-09,26480.375,1840.2252,411.6102
2023-06-10,25851.2402,1752.3848,
2023-06-11,25940.168,1753.4153,
2023-06-12,25902.5,1742.5287,415.3443
2023-06-13,25918.7285,1739.0376,418.0826
2023-06-14,25124.6758,1650.5193,418.5805
2023-06-15,25576.3945,1665.5198,423.7699
2023-06-16,26327.4629,1716.6688,422.3264
2023-06-17,26510.6758,1727.2041,
2023-06-18,26336.2129,1720.5775,
2023-06-19,26851.0293,1737.6594,
2023-06-20,28327.4883,1792.12,420.1353
2023-06-21,30027.2969,1891.0072,417.9826
2023-06-22,29912.2812,1872.943,419.4915
2023-06-23,30695.4688,1892.8621,416.3201
2023-06-24,30548.6953,1876.0597,
2023-06-25,30480.2617,1900.5061,
2023-06-26,30271.1309,1859.4329,414.6192
2023-06-27,30688.1641,1889.7034,419.1647
2023-06-28,30086.2461,1827.9712,419.3762
2023-06-29,30445.3516,1852.2273,421.029
2023-06-30,30477.252,1933.189,425.9976
2023-07-01,30590.0781,1924.5659,
2023-07-02,30620.7695,1937.4384,
2023-07-03,31156.4395,1955.3892,426.4876
2023-07-04,30777.582,1936.6335,
2023-07-05,30514.166,1910.588,425.8534
2023-07-06,29909.3379,1848.6365,422.5186
2023-07-07,30342.2656,1870.6025,421.4519
2023-07-08,30292.541,1865.5396,
2023-07-09,30171.2344,1863.0098,
2023-07-10,30414.4707,1880.5564,422.5186
2023-07-11,30620.9512,1878.3361,425.2094
2023-07-12,30391.6465,1872.1138,428.6307
2023-07-13,31476.0488,2006.5115,432.0327
2023-07-14,30334.0684,1939.347,431.7636
2023-07-15,30295.8066,1931.4666,
2023-07-16,30249.1328,1923.6819,
2023-07-17,30145.8887,1911.6461,433.2627
2023-07-18,29856.5625,1897.5992,436.4821
2023-07-19,29913.9238,1889.0079,437.4528
2023-07-20,29792.0156,1890.9691,434.5504
2023-07-21,29908.7441,1892.0801,434.5504
2023-07-22,29771.8027,1864.9124,
2023-07-23,30084.5391,1889.1917,
2023-07-24,29176.916,1850.0021,436.4917
2023-07-25,29227.3906,1857.7419,437.6834
2023-07-26,29354.9727,1872.1599,437.7507
2023-07-27,29210.6895,1860.3572,434.8484
2023-07-28,29319.2461,1874.7449,439.1057
2023-07-29,29356.918,1881.0688,
2023-07-30,29275.3086,1861.6438,
2023-07-31,29230.1113,1856.1624,439.9418
2023-08-01,29675.7324,1871.7921,438.6829
2023-08-02,29151.959,1839.0897,432.5804
2023-08-03,29178.6797,1835.1365,431.3407
2023-08-04,29074.0918,1827.7129,429.3899
2023-08-05,29042.127,1834.9879,
2023-08-06,29041.8555,1827.462,
2023-08-07,29180.5781,1826.9388,433.1378
2023-08-08,29765.4922,1855.8074,431.2542
2023-08-09,29561.4941,1854.2976,428.3712
2023-08-10,29429.5918,1850.7534,428.525
2023-08-11,29397.7148,1847.1244,428.275
2023-08-12,29415.9648,1848.8899,
2023-08-13,29282.9141,1839.2802,
2023-08-14,29408.4434,1844.1858,430.6392
2023-08-15,29170.3477,1826.9327,425.6227
2023-08-16,28701.7793,1805.6591,422.4994
2023-08-17,26664.5508,1684.9335,419.28
2023-08-18,26049.5566,1660.9451,419.4818
2023-08-19,26096.2051,1669.4719,
2023-08-20,26189.584,1684.8521,
2023-08-21,26124.1406,1667.269,422.2111
2023-08-22,26031.6562,1633.8926,421.0675
2023-08-23,26431.6406,1679.2744,425.7572
2023-08-24,26162.373,1659.9446,419.8567
2023-08-25,26047.668,1652.9351,422.8166
2023-08-26,26008.4629,1646.3068,
2023-08-27,26089.6934,1657.5131,
2023-08-28,26106.1504,1652.4574,425.4977
2023-08-29,27727.3926,1729.7257,431.6482
2023-08-30,27297.2656,1705.1122,433.4261
2023-08-31,25931.4727,1645.6392,432.7918
2023-09-01,25800.7246,1628.4912,433.599
2023-09-02,25868.7988,1637.0254,
2023-09-03,25969.5664,1636.1177,
2023-09-04,25812.416,1629.6553,
2023-09-05,25779.9824,1633.6294,431.7251
2023-09-06,25753.2363,1632.2523,428.8229
2023-09-07,26240.1953,1647.5983,427.5063
2023-09-08,25905.6543,1636.1378,428.1502
2023-09-09,25895.6777,1635.1624,
2023-09-10,25832.2266,1616.8289,
2023-09-11,25162.6543,1551.6377,430.9659
2023-09-12,25833.3438,1592.4294,428.6018
2023-09-13,26228.3242,1607.9885,429.1016
2023-09-14,26539.6738,1626.9744,432.8015
2023-09-15,26608.6934,1641.6404,427.5869
2023-09-16,26568.2812,1635.2217,
2023-09-17,26534.1875,1622.8967,
2023-09-18,26754.2812,1637.347,427.8377
2023-09-19,27211.1172,1643.5447,426.9504
2023-09-20,27132.0078,1622.8906,423.0253
2023-09-21,26567.6328,1584.307,416.0334
2023-09-22,26579.5684,1593.2683,415.098
2023-09-23,26579.3906,1593.8578,
2023-09-24,26256.8262,1580.8534,
2023-09-25,26298.4805,1588.3229,416.8435
2023-09-26,26217.25,1593.4172,410.7195
2023-09-27,26352.7168,1597.4912,410.8835
2023-09-28,27021.5469,1652.8827,413.2655
2023-09-29,26911.7207,1667.9438,412.2626
2023-09-30,26967.916,1671.1619,
2023-10-01,27983.75,1733.8104,
2023-10-02,27530.7852,1663.6276,412.0986
2023-10-03,27429.9785,1656.6857,406.5823
2023-10-04,27799.3945,1647.8381,409.543
2023-10-05,27415.9121,1611.4764,409.3887
2023-10-06,27946.5977,1645.8315,414.2493
2023-10-07,27968.8398,1634.5112,
2023-10-08,27935.0898,1633.5486,
2023-10-09,27583.6777,1579.8066,416.9013
2023-10-10,27391.0195,1567.713,419.0713
2023-10-11,26873.3203,1566.2548,420.7879
2023-10-12,26756.7988,1539.6124,418.2226
2023-10-13,26862.375,1552.0895,416.1395
2023-10-14,26861.707,1555.2568,
2023-10-15,27159.6523,1558.0698,
2023-10-16,28519.4668,1600.5343,420.5179
2023-10-17,28415.748,1565.4396,420.4986
2023-10-18,28328.3418,1563.7499,414.8954
2023-10-19,28719.8066,1567.457,411.25
2023-10-20,29682.9492,1604.6669,406.1965
2023-10-21,29918.4121,1629.3044,
2023-10-22,29993.8965,1663.4299,
2023-10-23,33086.2344,1765.3827,405.4924
2023-10-24,33901.5273,1784.4375,408.5496
2023-10-25,34502.8203,1787.3976,402.6861
2023-10-26,34156.6484,1804.0393,397.864
2023-10-27,33909.8008,1780.0453,396.0606
2023-10-28,34089.5742,1776.6182,
2023-10-29,34538.4805,1795.546,
2023-10-30,34502.3633,1810.0886,400.7959
2023-10-31,34667.7812,1816.459,403.3129
2023-11-01,35437.2539,1847.0897,407.6142
2023-11-02,34938.2422,1800.621,415.4259
2023-11-03,34732.3242,1832.7952,419.2159
2023-11-04,35082.1953,1857.6986,
2023-11-05,35049.3555,1894.1577,
2023-11-06,35037.3711,1899.8374,420.1803
2023-11-07,35443.5625,1888.1243,421.3762
2023-11-08,35655.2773,1889.3224,421.6848
2023-11-09,36693.125,2120.561,418.3961
2023-11-10,37313.9688,2078.2898,424.9251
2023-11-11,37138.0508,2052.7139,
2023-11-12,37054.5195,2045.187,
2023-11-13,36502.3555,2055.2654,424.5201
2023-11-14,35537.6406,1979.0526,432.7561
2023-11-15,37880.582,2060.4084,433.6723
2023-11-16,36154.7695,1960.8816,434.2027
2023-11-17,36596.6836,1961.2808,434.7427
2023-11-18,36585.7031,1963.285,
2023-11-19,37386.5469,2013.2045,
2023-11-20,37476.957,2022.2391,438.0893
2023-11-21,35813.8125,1937.0668,437.1346
2023-11-22,37432.3398,2064.4253,438.8222
2023-11-23,37289.6211,2062.2107,
2023-11-24,37720.2812,2081.1521,439.0922
2023-11-25,37796.793,2084.4131,
2023-11-26,37479.1211,2063.2861,
2023-11-27,37254.168,2027.4174,438.3014
2023-11-28,37831.0859,2049.3381,438.7354
2023-11-29,37858.4922,2029.9292,438.4268
2023-11-30,37712.7461,2052.5562,440.1531
2023-12-01,38688.75,2087.1399,442.757
2023-12-02,39476.332,2165.7041,
2023-12-03,39978.3906,2193.6917,
2023-12-04,41980.0977,2243.2158,440.4328
2023-12-05,44080.6484,2293.8418,440.3459
2023-12-06,43746.4453,2231.6614,438.5714
2023-12-07,43292.6641,2357.5796,441.9179
2023-12-08,44166.6016,2358.7319,443.8178
2023-12-09,43725.9844,2341.1753,
2023-12-10,43779.6992,2352.4626,
2023-12-11,41243.832,2224.5789,445.5441
2023-12-12,41450.2227,2202.0381,447.579
2023-12-13,42890.7422,2260.6487,453.7511
2023-12-14,43023.9727,2316.5791,455.2074
2023-12-15,41929.7578,2219.3374,454.4579
2023-12-16,42240.1172,2226.9265,
2023-12-17,41364.6641,2196.4812,
2023-12-18,42623.5391,2217.2734,457.0143
2023-12-19,42270.5273,2177.8726,459.7933
2023-12-20,43652.25,2201.9114,453.4218
2023-12-21,43869.1523,2239.5425,457.7211
2023-12-22,43997.9023,2326.5249,458.6411
2023-12-23,43739.543,2309.0464,
2023-12-24,43016.1172,2265.6921,
2023-12-25,43613.1406,2272.5618,
2023-12-26,42520.4023,2231.4653,460.5776
2023-12-27,43442.8555,2378.74,461.4104
2023-12-28,42627.8555,2347.5662,461.5847
2023-12-29,42099.4023,2300.6907,460.2484
2023-12-30,42156.9023,2292.0654,
2023-12-31,42265.1875,2281.4712,
2024-01-01,44167.332,2352.3279,
2024-01-02,44957.9688,2355.8364,457.6727
2024-01-03,42848.1758,2210.762,453.935
2024-01-04,44179.9219,2269.0381,452.4728
2024-01-05,44162.6914,2268.6472,453.0927
2024-01-06,43989.1953,2241.6248,
2024-01-07,43943.0977,2222.866,
2024-01-08,46970.5039,2333.0327,459.5609
2024-01-09,46139.7305,2344.8271,458.8638
2024-01-10,46627.7773,2582.1035,461.4588
2024-01-11,46368.5859,2619.6191,461.2555
2024-01-12,42853.168,2524.4602,461.575
2024-01-13,42842.3828,2576.5979,
2024-01-14,41796.2695,2472.2412,
2024-01-15,42511.9688,2511.3638,
2024-01-16,43154.9453,2587.6912,459.8805
2024-01-17,42742.6523,2528.3694,457.3241
2024-01-18,41262.0586,2467.0188,461.391
2024-01-19,41618.4062,2489.4985,467.1428
2024-01-20,41665.5859,2469.5891,
2024-01-21,41545.7852,2453.9131,
2024-01-22,39507.3672,2310.8264,468.1305
2024-01-23,39845.5508,2240.686,469.4958
2024-01-24,40077.0742,2233.5618,470.0091
2024-01-25,39933.8086,2217.7102,472.5654
2024-01-26,41816.8711,2267.1997,471.965
2024-01-27,42120.0547,2267.886,
2024-01-28,42035.5938,2257.2087,
2024-01-29,43288.2461,2317.0642,475.7027
2024-01-30,42952.6094,2344.4937,475.3347
2024-01-31,42582.6055,2282.5444,467.5786
2024-02-01,43075.7734,2303.8247,473.6982
2024-02-02,43185.8594,2308.0381,478.6851
2024-02-03,42992.25,2296.0383,
2024-02-04,42583.582,2289.5461,
2024-02-05,42658.668,2298.8889,476.9421
2024-02-06,43084.6719,2372.2019,478.3268
2024-02-07,44318.2227,2423.7451,482.3163
2024-02-08,45301.5664,2419.9065,482.5293
2024-02-09,47147.1992,2487.5156,485.318
2024-02-10,47771.2773,2501.2283,
2024-02-11,48293.918,2507.5706,
2024-02-12,49958.2227,2658.116,485.1049
2024-02-13,49742.4414,2642.1853,478.4236
2024-02-14,51826.6953,2777.9023,482.7713
2024-02-15,51938.5547,2824.3789,486.1023
2024-02-16,52160.2031,2803.6914,483.6816
2024-02-17,51662.9961,2786.6726,
2024-02-18,52122.5469,2878.998,
2024-02-19,51779.1445,2943.5747,
2024-02-20,52284.875,3013.5037,481.0187
2024-02-21,51839.1797,2970.3555,481.4545
2024-02-22,51304.9727,2971.0073,491.4184
2024-02-23,50731.9492,2921.6582,491.7573
2024-02-24,51571.1016,2992.386,
2024-02-25,51733.2383,3112.6973,
2024-02-26,54522.4023,3178.9937,489.9562
2024-02-27,57085.3711,3244.5193,490.8665
2024-02-28,62504.7891,3385.7039,490.2177
2024-02-29,61198.3828,3341.9197,491.9799
2024-03-01,62440.6328,3435.054,496.5988
2024-03-02,62029.8477,3422.0498,
2024-03-03,63167.3711,3490.9937,
2024-03-04,68330.4141,3630.4338,496.0663
2024-03-05,63801.1992,3554.9646,491.1085
2024-03-06,66106.8047,3819.2263,493.597
2024-03-07,66925.4844,3874.3477,498.4968
2024-03-08,68300.0938,3892.061,495.5046
2024-03-09,68498.8828,3915.4189,
2024-03-10,69019.7891,3881.1931,
2024-03-11,72123.9062,4066.4451,495.0786
2024-03-12,71481.2891,3980.2732,500.4043
2024-03-13,73083.5,4006.457,499.62
2024-03-14,71396.5938,3883.1404,498.6323
2024-03-15,69403.7734,3735.2202,495.2084
2024-03-16,65315.1172,3522.8601,
2024-03-17,68390.625,3642.4131,
2024-03-18,67548.5938,3517.9851,498.1515
2024-03-19,61912.7734,3157.6182,500.9198
2024-03-20,67913.6719,3513.3931,505.5529
2024-03-21,65491.3906,3492.9912,507.2236
2024-03-22,63778.7617,3333.688,506.2621
2024-03-23,64062.2031,3336.594,
2024-03-24,67234.1719,3454.6365,
2024-03-25,69958.8125,3590.8838,504.8634
2024-03-26,69987.8359,3587.5049,503.9309
2024-03-27,69455.3438,3500.1152,508.1658
2024-03-28,70744.9531,3561.2939,508.0687
2024-03-29,69892.8281,3511.8062,
2024-03-30,69645.3047,3507.9443,
2024-03-31,71333.6484,3647.8564,
2024-04-01,69702.1484,3505.03,507.1848
2024-04-02,65446.9727,3277.2346,503.9601
2024-04-03,65980.8125,3311.4419,504.5137
2024-04-04,68508.8438,3330.0405,498.3556
2024-04-05,67837.6406,3318.8853,503.5618
2024-04-06,68896.1094,3354.1838,
2024-04-07,69362.5547,3453.4946,
2024-04-08,71631.3594,3695.2927,503.8434
2024-04-09,69139.0156,3505.1633,504.4262
2024-04-10,70587.8828,3543.7371,499.3753
2024-04-11,70060.6094,3505.2478,503.144
2024-04-12,67195.8672,3243.0349,496.1992
2024-04-13,63821.4727,3004.9004,
2024-04-14,65738.7266,3156.9419,
2024-04-15,63426.2109,3101.6003,489.9827
2024-04-16,63811.8633,3084.9202,489.0891
2024-04-17,61276.6914,2984.7275,486.1945
2024-04-18,63512.7539,3066.0276,485.1942
2024-04-19,63843.5703,3059.2786,480.9592
2024-04-20,64994.4414,3157.6272,
2024-04-21,64926.6445,3147.2886,
2024-04-22,66837.6797,3201.6521,485.3884
2024-04-23,66407.2734,3219.9116,491.1483
2024-04-24,64276.8984,3139.8052,490.9152
2024-04-25,64481.707,3156.5095,489.0502
2024-04-26,63755.3203,3130.1648,493.6834
2024-04-27,63419.1406,3252.1682,
2024-04-28,63113.2305,3262.7747,
2024-04-29,63841.1211,3215.429,495.4319
2024-04-30,60636.8555,3012.2869,487.5836
2024-05-01,58254.0117,2969.7847,486.0003
2024-05-02,59123.4336,2988.1685,490.5461
2024-05-03,62889.8359,3103.542,496.6266
2024-05-04,63891.4727,3117.5764,
2024-05-05,64031.1328,3137.249,
2024-05-06,63161.9492,3062.7288,501.7552
2024-05-07,62334.8164,3006.5771,502.3087
2024-05-08,61187.9414,2973.6572,502.3574
2024-05-09,63049.9609,3036.0205,505.2519
2024-05-10,60792.7773,2909.7913,505.9027
2024-05-11,60793.7109,2911.6021,
2024-05-12,61448.3945,2928.7019,
2024-05-13,62901.4492,2949.3596,505.9706
2024-05-14,61552.7891,2881.158,508.2922
2024-05-15,66267.4922,3037.0566,514.5863
2024-05-16,65231.582,2945.1311,513.5275
2024-05-17,67051.875,3094.1187,514.2657
2024-05-18,66940.8047,3122.949,
2024-05-19,66278.3672,3071.843,
2024-05-20,71448.1953,3663.8555,514.8582
2024-05-21,70136.5312,3789.3127,516.1209
2024-05-22,69122.3359,3737.2178,514.6348
2024-05-23,67929.5625,3776.9272,510.8759
2024-05-24,68526.1016,3726.9346,514.256
2024-05-25,69265.9453,3749.2366,
2024-05-26,68518.0938,3825.8975,
2024-05-27,69394.5547,3892.0068,
2024-05-28,68296.2188,3840.2563,514.6154
2024-05-29,67578.0938,3763.1965,511.0117
2024-05-30,68364.9922,3746.8496,507.6219
2024-05-31,67491.4141,3760.0266,512.2453
2024-06-01,67706.9375,3813.199,
2024-06-02,67751.6016,3780.896,
2024-06-03,68804.7812,3766.3892,512.663
2024-06-04,70567.7656,3812.5159,513.2361
2024-06-05,71082.8203,3864.261,519.3361
2024-06-06,70757.1641,3811.606,519.3263
2024-06-07,69342.5859,3678.6292,518.6951
2024-06-08,69305.7734,3680.95,
2024-06-09,69647.9922,3705.9038,
2024-06-10,69512.2812,3666.7175,520.2976
2024-06-11,67332.0312,3498.3306,521.5507
2024-06-12,68241.1875,3559.6177,525.8342
2024-06-13,66756.3984,3469.2812,526.8929
2024-06-14,66011.0938,3480.272,527.2136
2024-06-15,66191.0,3565.5496,
2024-06-16,66639.0469,3620.5635,
2024-06-17,66490.2969,3511.3789,531.4095
2024-06-18,65140.7461,3483.6814,532.7597
2024-06-19,64960.2969,3559.3474,
2024-06-20,64828.6562,3511.0869,531.3125
2024-06-21,64096.1992,3516.0757,530.6001
2024-06-22,64252.5781,3494.8135,
2024-06-23,63180.7969,3418.6118,
2024-06-24,60277.4141,3350.2563,528.8754
2024-06-25,61804.6406,3395.0291,530.912
2024-06-26,60811.2773,3369.4773,531.5746
2024-06-27,61604.8008,3444.8005,532.4125
2024-06-28,60320.1367,3373.636,530.3176
2024-06-29,60887.3789,3372.9678,
2024-06-30,62678.293,3432.8892,
2024-07-01,62851.9805,3440.3416,531.4089
2024-07-02,62029.0156,3416.3547,534.9851
2024-07-03,60173.9219,3292.9167,537.3726
2024-07-04,56977.7031,3054.522,
2024-07-05,56662.375,2981.5986,540.4713
2024-07-06,58303.5391,3069.3779,
2024-07-07,55849.1094,2929.3872,
2024-07-08,56705.0977,3018.7319,541.095
2024-07-09,58009.2266,3064.033,541.6211
2024-07-10,57742.4961,3102.2188,546.9807
2024-07-11,57344.9141,3100.3308,542.2643
2024-07-12,57899.4648,3134.1587,545.6846
2024-07-13,59231.9531,3177.1987,
2024-07-14,60787.793,3244.0791,
2024-07-15,64870.1523,3489.5527,547.1853
2024-07-16,65097.1484,3443.5134,550.4302
2024-07-17,64118.793,3388.7524,542.7126
2024-07-18,63974.0664,3426.2585,538.542
2024-07-19,66710.1562,3505.7349,534.9656
2024-07-20,67163.6484,3519.2954,
2024-07-21,68154.5234,3536.6055,
2024-07-22,67585.25,3440.4199,540.4812
2024-07-23,65927.6719,3481.9958,539.6334
2024-07-24,65372.1328,3336.3394,527.4039
2024-07-25,65777.2266,3174.4272,524.6559
2024-07-26,67912.0625,3275.9514,530.5319
2024-07-27,67813.3359,3247.6079,
2024-07-28,68255.8672,3271.4646,
2024-07-29,66819.9141,3320.5393,530.8437
2024-07-30,66201.0156,3278.6677,528.1542
2024-07-31,64619.25,3231.2957,536.7391
2024-08-01,65357.5,3201.5645,529.1384
2024-08-02,61415.0664,2986.0132,519.2867
2024-08-03,60680.0938,2903.3857,
2024-08-04,58116.9766,2686.3989,
2024-08-05,53991.457,2417.2063,504.1631
2024-08-06,56034.3164,2458.7239,508.8114
2024-08-07,55027.4609,2336.5894,505.4105
2024-08-08,61710.1367,2683.3528,517.0942
2024-08-09,60880.1133,2599.5986,519.3743
2024-08-10,60945.8125,2610.0229,
2024-08-11,58719.4844,2553.2522,
2024-08-12,59354.5156,2724.4319,519.6473
2024-08-13,60609.5664,2703.6719,528.1932
2024-08-14,58737.2695,2662.9148,529.8594
2024-08-15,57560.0977,2570.0876,538.9413
2024-08-16,58894.1055,2593.1865,540.1497
2024-08-17,59478.9727,2614.5469,
2024-08-18,58483.9648,2613.3572,
2024-08-19,59493.4531,2637.3064,545.3143
2024-08-20,59012.793,2573.1069,544.4276
2024-08-21,61175.1914,2631.3955,546.2986
2024-08-22,60381.9141,2622.9514,542.0109
2024-08-23,64094.3555,2764.447,547.77
2024-08-24,64178.9922,2769.3896,
2024-08-25,64333.543,2749.1577,
2024-08-26,62880.6602,2681.3406,546.4642
2024-08-27,59504.1328,2458.7266,547.2145
2024-08-28,59027.625,2528.4155,544.0379
2024-08-29,59388.1797,2528.7927,544.0865
2024-08-30,59119.4766,2525.822,549.2805
2024-08-31,58969.8984,2513.3938,
2024-09-01,57325.4883,2427.9023,
2024-09-02,59112.4805,2538.1873,
2024-09-03,57431.0234,2420.6038,537.9768
2024-09-04,57971.5391,2448.9771,536.8755
2024-09-05,56160.4883,2367.7375,535.5698
2024-09-06,53948.7539,2223.8765,526.5562
2024-09-07,54139.6875,2274.1072,
2024-09-08,54841.5664,2297.293,
2024-09-09,57019.5352,2358.4822,532.4515
2024-09-10,57648.7109,2389.5811,534.7708
2024-09-11,57343.1719,2339.8416,540.257
2024-09-12,58127.0117,2361.7817,544.8076
2024-09-13,60571.3008,2441.6072,547.653
2024-09-14,60005.1211,2418.5957,
2024-09-15,59182.8359,2320.8972,
2024-09-16,58192.5078,2295.2837,548.4619
2024-09-17,60308.5391,2341.7078,548.6859
2024-09-18,61649.6797,2369.729,547.0586
2024-09-19,62940.457,2464.7522,556.3939
2024-09-20,63192.9766,2561.072,555.432
2024-09-21,63394.8398,2615.8572,
2024-09-22,63648.7109,2582.8625,
2024-09-23,63329.8008,2648.5464,556.8201
2024-09-24,64301.9688,2654.355,558.4133
2024-09-25,63143.1445,2579.3887,557.1816
2024-09-26,65181.0195,2632.2,559.3907
2024-09-27,65790.6641,2695.9006,558.5795
2024-09-28,65887.6484,2677.5391,
2024-09-29,65635.3047,2659.3469,
2024-09-30,63329.5,2603.0627,560.8177
2024-10-01,60837.0078,2448.9211,555.7938
2024-10-02,60632.7852,2365.2317,556.0283
2024-10-03,60759.4023,2349.7913,555.0118
2024-10-04,62067.4766,2414.7939,560.0554
2024-10-05,62089.9492,2415.6318,
2024-10-06,62818.9531,2439.9578,
2024-10-07,62236.6602,2421.7966,554.9922
2024-10-08,62131.9688,2439.8408,560.2411
2024-10-09,60582.1016,2368.2834,564.1216
2024-10-10,60274.5,2383.8579,563.1343
2024-10-11,62445.0898,2436.5134,566.5066
2024-10-12,63193.0234,2476.5232,
2024-10-13,62851.375,2467.677,
2024-10-14,66046.125,2628.8999,571.1396
2024-10-15,67041.1094,2606.022,566.7021
2024-10-16,67612.7188,2611.1021,569.1652
2024-10-17,67399.8359,2604.2734,569.2141
2024-10-18,68418.7891,2641.5522,571.4036
2024-10-19,68362.7344,2648.657,
2024-10-20,69001.7031,2746.364,
2024-10-21,67367.8516,2665.7122,570.4652
2024-10-22,67361.4062,2620.1975,570.1622
2024-10-23,66432.1953,2509.0989,564.9523
2024-10-24,68161.0547,2534.4985,566.1742
2024-10-25,66642.4141,2435.9341,565.9786
2024-10-26,67014.6953,2479.6033,
2024-10-27,67929.2969,2505.9407,
2024-10-28,69907.7578,2565.3481,567.7283
2024-10-29,72720.4922,2637.9575,568.6472
2024-10-30,72339.5391,2657.3726,566.9269
2024-10-31,70215.1875,2515.7993,555.8133
2024-11-01,69482.4688,2511.8855,558.1591
2024-11-02,69289.2734,2491.0686,
2024-11-03,68741.1172,2456.4253,
2024-11-04,67811.5078,2397.0264,556.9568
2024-11-05,69359.5625,2422.6506,563.6915
2024-11-06,75639.0781,2724.1692,577.708
2024-11-07,75904.8594,2895.5854,582.1749
2024-11-08,76545.4766,2962.2966,584.6967
2024-11-09,76778.8672,3131.1445,
2024-11-10,80474.1875,3191.3313,
2024-11-11,88701.4844,3374.813,585.2539
2024-11-12,87955.8125,3246.2573,583.4359
2024-11-13,90584.1641,3192.5959,583.7193
2024-11-14,87250.4297,3058.9487,579.9659
2024-11-15,91066.0078,3103.0405,572.5374
2024-11-16,90558.4766,3133.2739,
2024-11-17,89845.8516,3075.6616,
2024-11-18,90542.6406,3207.8564,574.8833
2024-11-19,92343.7891,3111.384,576.9847
2024-11-20,94339.4922,3072.188,577.1802
2024-11-21,98504.7266,3361.054,580.2787
2024-11-22,98997.6641,3331.6008,582.0771
2024-11-23,97777.2812,3396.2234,
2024-11-24,98013.8203,3363.6599,
2024-11-25,93102.2969,3413.5439,584.0517
2024-11-26,91985.3203,3326.5173,587.1013
2024-11-27,95962.5312,3657.2493,585.3223
2024-11-28,95652.4688,3579.8115,
2024-11-29,97461.5234,3593.4944,588.9584
2024-11-30,96449.0547,3705.7053,
2024-12-01,97279.7891,3711.165,
2024-12-02,95865.3047,3644.1985,590.0139
2024-12-03,96002.1641,3620.7117,590.2877
2024-12-04,98768.5312,3841.3311,593.9531
2024-12-05,96593.5703,3811.0083,592.9757
2024-12-06,99920.7109,4005.8105,594.0997
2024-12-07,99923.3359,4002.6926,
2024-12-08,101236.0156,4005.7046,
2024-12-09,97432.7188,3718.6904,591.0403
2024-12-10,96675.4297,3631.8337,589.2028
2024-12-11,101173.0312,3832.822,593.7576
2024-12-12,100043.0,3883.1016,590.6982
2024-12-13,101459.2578,3911.2053,590.5809
2024-12-14,101372.9688,3868.4053,
2024-12-15,104298.6953,3951.9412,
2024-12-16,106029.7188,3987.481,593.1027
2024-12-17,106140.6016,3886.7661,590.6592
2024-12-18,100041.5391,3618.7913,573.0554
2024-12-19,97490.9531,3417.928,572.8795
2024-12-20,97755.9297,3472.5535,579.7603
2024-12-21,97224.7266,3337.2224,
2024-12-22,95104.9375,3277.5352,
2024-12-23,94686.2422,3415.7854,583.2321
2024-12-24,98676.0938,3492.0498,589.7147
2024-12-25,99299.1953,3493.2354,
2024-12-26,95795.5156,3331.2258,589.7539
2024-12-27,94164.8594,3328.917,583.546
2024-12-28,95163.9297,3397.9023,
2024-12-29,93530.2266,3349.5134,
2024-12-30,92643.2109,3356.3926,576.8867
2024-12-31,93429.2031,3332.5317,574.788
2025-01-01,94419.7578,3353.5042,
2025-01-02,96886.875,3451.3926,573.3757
2025-01-03,98107.4297,3605.0098,580.5449
2025-01-04,98236.2266,3657.7068,
2025-01-05,98314.9609,3634.1038,
2025-01-06,102078.0859,3688.6113,583.8892
2025-01-07,96922.7031,3381.5774,577.2888
2025-01-08,95043.5234,3326.3293,578.1323
2025-01-09,92484.0391,3219.4307,
2025-01-10,94701.4531,3267.49,569.3057
2025-01-11,94566.5938,3282.2178,
2025-01-12,94488.4375,3265.9512,
2025-01-13,94516.5234,3135.4998,570.1884
2025-01-14,96534.0469,3223.6846,570.973
2025-01-15,100504.4922,3450.5376,581.3589
2025-01-16,99756.9062,3308.3452,580.2408
2025-01-17,104462.0391,3474.1072,586.0665
2025-01-18,104408.0703,3305.7896,
2025-01-19,101089.6094,3208.9644,
2025-01-20,102016.6641,3278.0354,
2025-01-21,106146.2656,3327.4062,591.431
2025-01-22,103653.0703,3240.2246,594.7557
2025-01-23,103960.1719,3334.7141,598.0018
2025-01-24,104819.4844,3309.5549,596.2562
2025-01-25,104714.6484,3317.2695,
2025-01-26,102682.5,3236.1343,
2025-01-27,102087.6875,3178.9204,587.822
2025-01-28,101332.4766,3077.1125,592.8727
2025-01-29,103703.2109,3112.999,590.215
2025-01-30,104735.3047,3247.78,593.3826
2025-01-31,102405.0234,3298.2651,590.2247
2025-02-01,100655.9062,3118.3286,
2025-02-02,97688.9766,2868.6929,
2025-02-03,101405.4219,2884.5667,586.2527
2025-02-04,97871.8203,2735.0513,590.1855
2025-02-05,96615.4453,2787.7791,592.5785
2025-02-06,96593.2969,2688.4009,594.638
2025-02-07,96529.0859,2622.2112,589.195
2025-02-08,96482.4531,2632.3083,
2025-02-09,96500.0938,2628.7212,
2025-02-10,97437.5547,2661.1667,593.1963
2025-02-11,95747.4297,2602.782,593.6475
2025-02-12,97885.8594,2736.9021,591.735
2025-02-13,96623.8672,2675.9026,597.9822
2025-02-14,97508.9688,2726.0916,597.9529
2025-02-15,97580.3516,2693.5598,
2025-02-16,96175.0312,2663.3159,
2025-02-17,95773.3828,2743.1997,
2025-02-18,95539.5469,2669.3389,599.7084
2025-02-19,96635.6094,2715.771,601.1207
2025-02-20,98333.9375,2740.3865,598.6198
2025-02-21,96125.5469,2659.6555,588.381
2025-02-22,96577.7578,2764.0293,
2025-02-23,96273.9219,2821.3103,
2025-02-24,91418.1719,2513.8213,585.7035
2025-02-25,88736.1719,2493.5925,582.7907
2025-02-26,84347.0234,2331.4526,583.0849
2025-02-27,84704.2266,2305.4844,573.7778
2025-02-28,84373.0078,2237.9053,582.7319
2025-03-01,86031.9141,2216.6433,
2025-03-02,94248.3516,2519.6946,
2025-03-03,86065.6719,2145.574,572.5225
2025-03-04,87222.1953,2170.0151,565.7456
2025-03-05,90623.5625,2241.9773,571.826
2025-03-06,89961.7266,2202.4768,561.6755
2025-03-07,86742.6719,2138.9875,564.8236
2025-03-08,86154.5938,2201.5103,
2025-03-09,80601.0391,2015.5092,
2025-03-10,78532.0,1861.1514,549.7793
2025-03-11,82862.2109,1919.845,545.209
2025-03-12,83722.3594,1908.9827,548.1022
2025-03-13,81066.7031,1862.9696,540.7957
2025-03-14,83969.1016,1909.4675,551.9663
2025-03-15,84343.1094,1937.3947,
2025-03-16,82579.6875,1887.4351,
2025-03-17,84075.6875,1927.0029,556.2227
2025-03-18,82718.5,1932.5435,550.2108
2025-03-19,86854.2266,2057.749,556.2031
2025-03-20,84167.1953,1982.0999,554.5947
2025-03-21,84043.2422,1964.8475,554.7776
2025-03-22,83832.4844,1980.0378,
2025-03-23,86054.375,2005.2992,
2025-03-24,87498.9141,2077.479,564.7129
2025-03-25,87471.7031,2067.7642,566.0704
2025-03-26,86900.8828,2009.1893,559.3124
2025-03-27,87177.1016,2002.3574,557.827
2025-03-28,84353.1484,1895.5029,546.5934
2025-03-29,82597.5859,1827.3203,
2025-03-30,82334.5234,1806.2186,
2025-03-31,82548.9141,1823.48,550.2625
2025-04-01,85169.1719,1905.4915,551.8167
2025-04-02,82485.7109,1795.3132,555.3088
2025-04-03,83102.8281,1815.6372,527.9427
2025-04-04,83843.8047,1815.3352,497.0355
2025-04-05,83504.7969,1805.9733,
2025-04-06,78214.4844,1576.728,
2025-04-07,79235.3359,1555.241,496.1501
2025-04-08,76271.9531,1472.5531,488.3791
2025-04-09,82573.9531,1668.04,539.6683
2025-04-10,79626.1406,1522.5188,516.0206
2025-04-11,83404.8359,1567.1498,525.2278
2025-04-12,85287.1094,1643.5286,
2025-04-13,83684.9766,1596.6858,
2025-04-14,84542.3906,1622.7699,530.3233
2025-04-15,83668.9922,1588.6324,528.8379
2025-04-16,84033.8672,1578.1053,517.0829
2025-04-17,84895.75,1582.5483,517.8207
2025-04-18,84450.8047,1588.9247,
2025-04-19,85063.4141,1612.9229,
2025-04-20,85174.3047,1587.5143,
2025-04-21,87518.9062,1579.7345,505.4951
2025-04-22,93441.8906,1757.3317,518.647
2025-04-23,93699.1094,1796.1042,526.6836
2025-04-24,93943.7969,1769.8317,537.7698
2025-04-25,94720.5,1786.6345,541.6553
2025-04-26,94646.9297,1821.8811,
2025-04-27,93754.8438,1792.865,
2025-04-28,94978.75,1798.8518,541.8618
2025-04-29,94284.7891,1799.1757,545.2753
2025-04-30,94207.3125,1793.7754,545.4917
2025-05-01,96492.3359,1839.2216,549.3575
2025-05-02,96910.0703,1842.7079,557.5123
2025-05-03,95891.7969,1833.8397,
2025-05-04,94315.9766,1808.5942,
2025-05-05,94748.0547,1819.6975,554.3153
2025-05-06,96802.4766,1815.0875,549.6821
2025-05-07,97032.3203,1811.6067,551.9938
2025-05-08,103241.4609,2206.5146,555.84
2025-05-09,102970.8516,2345.5073,555.1318
2025-05-10,104696.3281,2582.4226,
2025-05-11,104106.3594,2510.2378,
2025-05-12,102812.9531,2496.3977,573.4775
2025-05-13,104169.8125,2680.1296,577.2646
2025-05-14,103539.4141,2610.0632,578.0024
2025-05-15,103744.6406,2546.8569,580.8255
2025-05-16,103489.2891,2536.2976,584.5046
2025-05-17,103191.0859,2475.7544,
2025-05-18,106446.0078,2498.2336,
2025-05-19,105606.1797,2529.1667,585.1439
2025-05-20,106791.0859,2524.1731,583.1766
2025-05-21,109678.0781,2552.3472,573.3495
2025-05-22,111673.2812,2664.157,573.5758
2025-05-23,107287.7969,2526.4419,569.6608
2025-05-24,107791.1562,2530.6462,
2025-05-25,109035.3906,2551.7639,
2025-05-26,109440.3672,2564.1384,
2025-05-27,108994.6406,2663.0698,581.5044
2025-05-28,107802.3281,2682.2129,578.1401
2025-05-29,105641.7578,2632.6548,580.4222
2025-05-30,103998.5703,2529.9436,579.7731
2025-05-31,104638.0938,2529.0874,
2025-06-01,105652.1016,2536.2664,
2025-06-02,105881.5312,2607.0974,583.0389
2025-06-03,105432.4688,2593.2803,586.3637
2025-06-04,104731.9844,2608.6431,586.2062
2025-06-05,101575.9531,2416.2856,583.3733
2025-06-06,104390.3438,2477.1948,589.364
2025-06-07,105615.625,2526.5054,
2025-06-08,105793.6484,2510.7871,
2025-06-09,110294.1016,2681.5171,589.8951
2025-06-10,110257.2344,2813.5176,593.2397
2025-06-11,108686.625,2773.5293,591.5477
2025-06-12,105929.0547,2651.7952,593.8987
2025-06-13,106090.9688,2579.4861,587.2589
2025-06-14,105472.4062,2533.4441,
2025-06-15,105552.0234,2546.8372,
2025-06-16,106796.7578,2540.605,592.8461
2025-06-17,104601.1172,2510.7615,587.7802
2025-06-18,104883.3281,2524.3015,587.6917
2025-06-19,104684.2891,2521.6536,
2025-06-20,103309.6016,2407.3042,586.3115
2025-06-21,102257.4062,2300.4956,
2025-06-22,100987.1406,2228.2131,
2025-06-23,105577.7734,2421.825,592.1027
2025-06-24,106045.6328,2448.0088,598.6438
2025-06-25,107361.2578,2419.3103,598.9793
2025-06-26,106960.0,2416.1467,603.6656
2025-06-27,107088.4297,2423.8669,606.6648
2025-06-28,107327.7031,2437.1094,
2025-06-29,108385.5703,2500.96,
2025-06-30,107135.3359,2486.4644,609.5654
2025-07-01,105698.2812,2405.7927,609.3681
2025-07-02,108859.3203,2571.3354,612.1306
2025-07-03,109647.9766,2591.0073,616.955
2025-07-04,108034.3359,2508.5183,
2025-07-05,108231.1797,2517.28,
2025-07-06,109232.0703,2571.2366,
2025-07-07,108299.8516,2543.0132,612.3574
2025-07-08,108950.2734,2615.5059,612.022
2025-07-09,111326.5547,2770.7776,615.6921
2025-07-10,115987.2031,2954.8452,617.4285
2025-07-11,117516.9922,2957.8862,615.2581
2025-07-12,117435.2266,2942.9116,
2025-07-13,119116.1172,2973.3589,
2025-07-14,119849.7031,3013.3508,616.4321
2025-07-15,117777.1875,3139.8896,613.7979
2025-07-16,118738.5078,3371.5068,615.8499
2025-07-17,119289.8438,3476.7844,619.6188
2025-07-18,118003.2266,3549.0164,619.1649
2025-07-19,117939.9766,3595.2737,
2025-07-20,117300.7891,3759.4714,
2025-07-21,117439.5391,3763.3713,620.339
2025-07-22,119995.4141,3749.1455,620.4277
2025-07-23,118754.9609,3629.7036,625.706
2025-07-24,118368.0,3708.0056,625.9132
2025-07-25,117635.8828,3727.2668,628.5573
2025-07-26,117947.3672,3741.396,
2025-07-27,119448.4922,3875.2466,
2025-07-28,117924.4766,3787.4258,628.3995
2025-07-29,117922.1484,3793.4548,626.7419
2025-07-30,117831.1875,3808.2017,625.9527
2025-07-31,115758.2031,3696.7078,623.6046
2025-08-01,113320.0859,3488.366,613.3834
2025-08-02,112526.9141,3392.7412,
2025-08-03,114217.6719,3497.3792,
2025-08-04,115071.8828,3718.9861,622.7068
2025-08-05,114141.4453,3611.8994,619.5497
2025-08-06,115028.0,3683.9207,624.2952
2025-08-07,117496.8984,3914.3259,623.7723
2025-08-08,116688.7266,4009.8489,628.6362
2025-08-09,116500.3594,4263.5991,
2025-08-10,119306.7578,4254.2178,
2025-08-11,118731.4453,4226.9668,627.3931
2025-08-12,120172.9062,4590.9248,634.0723
2025-08-13,123344.0625,4756.2759,636.2429
2025-08-14,118359.5781,4548.1665,636.302
2025-08-15,117398.3516,4439.9888,634.8123
2025-08-16,117491.3516,4426.1802,
2025-08-17,117453.0625,4473.2715,
2025-08-18,116252.3125,4312.5049,634.6741
2025-08-19,112831.1797,4073.4641,631.231
2025-08-20,114274.7422,4334.5005,629.5537
2025-08-21,112419.0312,4223.21,627.0281
2025-08-22,116874.0859,4831.3486,636.6573
2025-08-23,115374.3281,4776.0903,
2025-08-24,113458.4297,4779.6475,
2025-08-25,110124.3516,4372.9878,633.8553
2025-08-26,111802.6562,4600.4268,636.5092
2025-08-27,111222.0625,4503.3931,637.9595
2025-08-28,112544.8047,4507.1777,640.2188
2025-08-29,108410.8359,4360.1528,636.4006
2025-08-30,108808.0703,4374.1533,
2025-08-31,108236.7109,4390.019,
2025-09-01,109250.5938,4314.4702,
2025-09-02,111200.5859,4325.3657,631.6848
2025-09-03,111723.2109,4450.3892,635.1082
2025-09-04,110723.6016,4298.7441,640.4161
2025-09-05,110650.9844,4306.9888,638.5613
2025-09-06,110224.6953,4274.2422,
2025-09-07,111167.6172,4305.3477,
2025-09-08,112071.4297,4308.0723,640.13
2025-09-09,111530.5469,4309.0415,641.6099
2025-09-10,113955.3594,4349.146,643.4647
2025-09-11,115507.5391,4461.2334,648.812
2025-09-12,116101.5781,4715.2461,648.5948
2025-09-13,115950.5078,4668.1797,
2025-09-14,115407.6562,4609.5977,
2025-09-15,115444.875,4526.8203,652.048
2025-09-16,116843.1875,4503.5645,651.1502
2025-09-17,116468.5078,4592.7334,650.3412
2025-09-18,117137.2031,4589.9189,653.3798
2025-09-19,115688.8594,4470.917,656.616
2025-09-20,115721.9609,4482.2656,
2025-09-21,115306.0938,4451.3291,
2025-09-22,112748.5078,4202.8774,659.7225
2025-09-23,112014.5,4165.5039,656.1313
2025-09-24,113328.6328,4153.4692,654.0437
2025-09-25,109049.2891,3868.334,651.0263
2025-09-26,109712.8281,4035.8879,654.7561
2025-09-27,109681.9453,4018.6582,
2025-09-28,112122.6406,4141.4766,
2025-09-29,114400.3828,4217.3418,656.5963
2025-09-30,114056.0859,4145.9575,659.0695
2025-10-01,118648.9297,4351.1123,661.3154
2025-10-02,120681.2578,4487.9238,662.077
2025-10-03,122266.5312,4514.8706,662.0672
2025-10-04,122425.4297,4489.1973,
2025-10-05,123513.4766,4515.4229,
2025-10-06,124752.5312,4687.7715,664.4415
2025-10-07,121451.3828,4451.1519,661.9781
2025-10-08,123354.8672,4527.6479,665.9255
2025-10-09,121705.5859,4369.1436,663.9963
2025-10-10,113214.3672,3843.0088,646.05
2025-10-11,110807.8828,3750.6116,
2025-10-12,115169.7656,4164.4277,
2025-10-13,115271.0781,4245.4678,655.963
2025-10-14,113118.6641,4125.4121,655.1617
2025-10-15,110783.1641,3987.4595,658.0704
2025-10-16,108186.0391,3894.7544,653.5887
2025-10-17,106467.7891,3832.5588,657.2986
2025-10-18,107198.2656,3890.3462,
2025-10-19,108666.7109,3984.6497,
2025-10-20,110588.9297,3980.7603,664.1349
2025-10-21,108476.8906,3876.7642,664.1249
2025-10-22,107688.5859,3808.1223,660.6722
2025-10-23,110069.7266,3856.0264,664.59
2025-10-24,111033.9219,3934.5674,670.0214
2025-10-25,111641.7266,3953.4709,
2025-10-26,114472.4453,4157.9893,
2025-10-27,114119.3281,4120.1221,677.9261
2025-10-28,112956.1641,3982.2625,679.7266
2025-10-29,110055.3047,3903.353,680.0531
2025-10-30,108305.5469,3804.3752,672.5738
2025-10-31,109556.1641,3847.0803,674.78
2025-11-01,110064.0156,3874.188,
2025-11-02,110639.625,3911.0632,
2025-11-03,106547.5234,3602.3081,676.0464
2025-11-04,101590.5234,3292.5745,668.0328
2025-11-05,103891.8359,3425.1711,670.3478
2025-11-06,101301.2891,3312.2578,663.1555
2025-11-07,103372.4062,3435.301,663.8083
2025-11-08,102282.1172,3400.376,
2025-11-09,104719.6406,3582.6213,
2025-11-10,105996.5938,3568.46,674.1667
2025-11-11,102997.4688,3415.2822,675.71
2025-11-12,101663.1875,3413.0942,676.0859
2025-11-13,99697.4922,3232.7571,664.8669
2025-11-14,94397.7891,3103.7856,664.7582
2025-11-15,95549.1484,3166.6313,
2025-11-16,94177.0781,3092.8474,
2025-11-17,92093.875,3024.5388,658.5649
2025-11-18,92948.875,3122.979,653.0347
2025-11-19,91465.9922,3023.0708,655.5575
2025-11-20,86631.8984,2831.7776,645.5652
2025-11-21,85090.6875,2765.6992,651.9959
2025-11-22,84648.3594,2767.6074,
2025-11-23,86805.0078,2801.676,
2025-11-24,88270.5625,2952.7134,661.5922
2025-11-25,87341.8906,2957.9363,667.8151
2025-11-26,90518.3672,3027.812,672.4255
2025-11-27,91285.375,3014.5422,
2025-11-28,90919.2656,3032.3044,676.0958
2025-11-29,90851.7578,2991.6853,
2025-11-30,90394.3125,2992.1125,
2025-12-01,86321.5703,2800.189,673.0092
2025-12-02,91350.2031,2997.9397,674.2557
2025-12-03,93527.8047,3191.5718,676.5905
2025-12-04,92141.625,3134.3164,677.0851
2025-12-05,89387.7578,3024.4329,678.3713
2025-12-06,89272.375,3040.2078,
2025-12-07,90405.6406,3061.3018,
2025-12-08,90640.2031,3125.198,676.3333
2025-12-09,92691.7109,3321.115,675.7495
2025-12-10,92020.9453,3325.3901,680.2313
2025-12-11,92511.3359,3237.0569,681.8141
2025-12-12,90270.4141,3084.1726,674.4832
2025-12-13,90298.7109,3116.6953,
2025-12-14,88175.1797,3060.5947,
2025-12-15,86419.7812,2964.1831,673.4642
2025-12-16,87843.9844,2964.1809,671.6241
2025-12-17,86143.7578,2831.4036,664.2338
2025-12-18,85462.5078,2827.0691,669.2496
2025-12-19,88103.3828,2977.9707,675.3154
2025-12-20,88344.0,2977.5825,
2025-12-21,88621.75,3001.6138,
2025-12-22,88490.0156,3006.0737,679.5225
2025-12-23,87414.0,2963.374,682.6282
2025-12-24,87611.9609,2945.5906,685.0295
2025-12-25,87234.7422,2903.5796,
2025-12-26,87301.4297,2925.7456,684.96
2025-12-27,87802.1562,2947.9983,
2025-12-28,87835.8359,2948.5681,
2025-12-29,87138.1406,2934.5383,682.519
2025-12-30,88430.1328,2971.4167,681.6856
2025-12-31,87508.8281,2967.0376,676.635
2026-01-01,88731.9844,3000.3943,
2026-01-02,89944.6953,3124.4226,677.8753
2026-01-03,90603.1875,3125.9175,
2026-01-04,91413.4922,3140.7104,
2026-01-05,93882.5547,3226.1304,682.39
2026-01-06,93729.0312,3295.9468,686.4484
2026-01-07,91308.0547,3166.844,684.2357
2026-01-08,91027.125,3104.3826,684.1662
2026-01-09,90513.1016,3083.0471,688.6909
2026-01-10,90386.6484,3082.396,
2026-01-11,90827.4609,3118.8853,
2026-01-12,91192.9922,3092.3252,689.7724
2026-01-13,95321.7812,3322.0955,688.3932
2026-01-14,96929.3281,3354.7227,685.0096
2026-01-15,95551.1875,3317.1013,686.8751
2026-01-16,95525.1172,3295.4822,686.2995
2026-01-17,95099.9219,3308.8643,
2026-01-18,93634.4297,3281.1577,
2026-01-19,92553.5938,3186.6211,
2026-01-20,88310.9062,2935.6057,672.3286
2026-01-21,89376.9609,2978.9011,680.0881
2026-01-22,89462.4531,2949.6333,683.6403
2026-01-23,89503.875,2953.2563,683.8883
2026-01-24,89110.7344,2948.7407,
2026-01-25,86572.2188,2815.9023,
2026-01-26,88267.1406,2926.457,687.3612
2026-01-27,89102.5703,3022.2109,690.0998
2026-01-28,89184.5703,3006.6074,690.0303
2026-01-29,84561.5859,2818.2327,688.6611
2026-01-30,84128.6562,2702.3752,686.6071
2026-01-31,78621.1172,2445.0918,
2026-02-01,76974.4453,2267.9648,
2026-02-02,78688.7656,2344.3567,690.0205
2026-02-03,75633.5469,2227.5588,684.186
2026-02-04,73019.7031,2143.5042,680.8719
2026-02-05,62702.0977,1821.6831,672.3683
2026-02-06,70555.3906,2063.387,685.2676
2026-02-07,69281.9688,2090.5493,
2026-02-08,70264.7266,2088.7629,
2026-02-09,70120.7812,2103.5676,688.5718
2026-02-10,68793.9609,2019.4974,686.7559
2026-02-11,66991.9688,1940.6213,686.5972
2026-02-12,66221.8438,1946.9407,675.9901
2026-02-13,68857.8438,2048.5273,676.4663
2026-02-14,69767.625,2086.0098,
2026-02-15,68788.1875,1966.043,
2026-02-16,68843.1562,1997.9177,
2026-02-17,67494.2188,1992.1943,677.5578
2026-02-18,66425.3203,1953.9741,680.9711
2026-02-19,66957.5234,1948.201,679.1751
2026-02-20,68005.4219,1969.0223,684.0869
2026-02-21,68003.7656,1973.7372,
2026-02-22,67659.3906,1957.8059,
2026-02-23,64616.7383,1855.5028,677.1014
2026-02-24,64080.043,1852.9695,682.0229
2026-02-25,67960.125,2054.6279,687.778
2026-02-26,67453.7734,2026.7926,683.9578
2026-02-27,65881.7969,1930.7618,680.6735
2026-02-28,66995.8594,1965.0505,
2026-03-01,65738.1016,1939.0667,
2026-03-02,68775.8516,2027.2689,681.0605
2026-03-03,68293.6484,1982.7689,675.0574
2026-03-04,72710.5781,2126.5054,679.8201
2026-03-05,70841.125,2071.6055,676.0298
2026-03-06,68136.4922,1978.7512,667.1689
2026-03-07,67272.5938,1969.4554,
2026-03-08,65969.7812,1936.6047,
2026-03-09,68402.3828,1992.9382,673.0134
2026-03-10,69926.9219,2037.1205,671.9318
2026-03-11,70204.8828,2051.5732,671.0884
2026-03-12,70493.4609,2073.1362,660.8979
2026-03-13,70968.2656,2092.5635,657.1572
2026-03-14,71214.625,2097.0867,
2026-03-15,72789.9141,2177.4763,
2026-03-16,74861.0859,2351.176,663.845
2026-03-17,73922.4766,2318.0535,665.5912
2026-03-18,71245.5781,2203.6716,656.3038
2026-03-19,69912.7891,2137.4238,654.6865
2026-03-20,70522.5859,2146.4971,645.301
2026-03-21,68711.5234,2076.6899,
2026-03-22,67845.2109,2053.0483,
2026-03-23,70914.8594,2152.146,652.0767
2026-03-24,70517.8594,2155.7043,649.8878
2026-03-25,71309.8828,2168.0215,653.5094
2026-03-26,68791.625,2059.5784,641.8386
2026-03-27,66338.375,1991.272,630.894
2026-03-28,66319.6953,1992.6946,
2026-03-29,65954.9219,1982.5597,
2026-03-30,66691.4453,2023.5149,628.7847
2026-03-31,68233.3125,2104.7083,647.0621
2026-04-01,68078.5547,2138.7371,651.9374
2026-04-02,66888.5703,2056.8525,652.5244
2026-04-03,66931.1016,2053.3853,
2026-04-04,67290.5156,2065.3516,
2026-04-05,68981.8984,2108.9956,
2026-04-06,68859.8281,2107.7615,655.6088
2026-04-07,71940.7031,2241.8066,655.8973
2026-04-08,71123.3594,2190.3354,672.6027
2026-04-09,71767.8281,2189.144,676.483
2026-04-10,72979.0469,2245.1487,676.0353
2026-04-11,73054.2734,2285.3901,
2026-04-12,70753.4062,2192.2012,
2026-04-13,74484.6406,2370.7148,682.6418
2026-04-14,74181.6094,2323.3086,690.9597
2026-04-15,74805.0781,2359.437,696.4121
2026-04-16,75152.1328,2348.645,698.1234
2026-04-17,77126.875,2421.0718,706.5607
2026-04-18,75726.2109,2351.1006,
2026-04-19,73856.3516,2264.917,
2026-04-20,75872.5234,2315.2124,705.1478
2026-04-21,76352.7734,2327.9705,700.5312
2026-04-22,78203.1016,2376.0881,707.6253
2026-04-23,78268.9531,2331.5139,704.8792
2026-04-24,77455.3125,2315.6902,710.3416
2026-04-25,77612.0156,2318.8291,
2026-04-26,78657.5391,2369.729,
2026-04-27,77366.625,2303.064,711.5653
2026-04-28,76350.6719,2289.4197,708.1028
2026-04-29,75776.1328,2253.4158,707.9934
2026-04-30,76304.3203,2256.2512,715.0377
2026-05-01,78179.0,2295.0938,717.0177
2026-05-02,78657.25,2316.2319,
2026-05-03,78538.2266,2321.6357,
2026-05-04,79827.9062,2346.397,714.391
2026-05-05,80927.0547,2361.1826,720.122
2026-05-06,81427.5312,2350.802,730.1313
2026-05-07,80009.9922,2291.1077,727.8926
2026-05-08,80186.7656,2306.9722,733.9022
2026-05-09,80664.3672,2326.7273,
2026-05-10,82138.9297,2369.0439,
2026-05-11,81728.2969,2339.3608,735.5737
2026-05-12,80477.4922,2274.6436,734.4594
2026-05-13,79277.1172,2257.5764,738.5685
2026-05-14,81051.25,2280.9348,744.399
2026-05-15,79065.6797,2223.3289,735.4444
2026-05-16,78131.4375,2179.752,
2026-05-17,77429.3516,2127.6453,
2026-05-18,76954.1719,2128.5161,734.927
2026-05-19,76750.9062,2109.9639,730.0318
2026-05-20,77457.7734,2126.9834,737.5139
2026-05-21,77539.1719,2131.4106,738.9764
2026-05-22,75488.2422,2064.637,741.8818
2026-05-23,76673.3672,2115.9514,
2026-05-24,76981.125,2097.9939,
2026-05-25,77279.9297,2111.3704,
2026-05-26,75825.7344,2070.8582,746.8068
2026-05-27,74344.7031,2022.1982,746.6775
2026-05-28,73536.5547,2007.5527,750.7966
2026-05-29,73372.5234,2011.9785,752.6671
2026-05-30,73754.8359,2019.4583,
2026-05-31,73579.6875,2004.3416,
2026-06-01,71319.7734,2003.2212,754.7167
2026-06-02,66703.6562,1857.7163,755.7416
2026-06-03,64014.3672,1811.7323,750.4384
2026-06-04,63801.5742,1769.5806,753.274
2026-06-05,60922.668,1580.8608,733.8325
2026-06-06,60867.4141,1568.7677,
2026-06-07,63239.5195,1686.3962,
2026-06-08,63090.5898,1690.1486,735.4941
2026-06-09,61643.7812,1637.7067,733.335
2026-06-10,61449.2891,1620.1377,721.7736
2026-06-11,63561.0547,1672.2806,734.0415
2026-06-12,63543.1992,1665.1278,738.0114
2026-06-13,64421.3242,1680.2146,
2026-06-14,65710.3984,1724.6133,
2026-06-15,66289.5,1794.9612,751.0255
2026-06-16,65600.6406,1790.3982,746.5482
2026-06-17,64418.4453,1747.8855,737.2253
2026-06-18,62896.4727,1709.5334,744.8903
2026-06-19,63540.8359,1710.9824,
2026-06-20,64239.6758,1739.3014,
2026-06-21,63237.5391,1704.5806,
2026-06-22,63952.1055,1726.5109,742.5461
2026-06-23,62668.0195,1665.4368,731.7629
2026-06-24,60995.1328,1619.9249,731.4237
2026-06-25,59721.6758,1564.8167,732.4811
2026-06-26,60016.4297,1576.6161,727.1843
2026-06-27,59940.0977,1571.5883,
2026-06-28,59532.3398,1570.3612,
2026-06-29,60138.3789,1610.2058,739.1645
2026-06-30,58558.8594,1569.5839,744.9202
2026-07-01,60003.7578,1608.9607,743.9127
2026-07-02,61485.3008,1698.1694,742.9352
2026-07-03,62544.1992,1756.5187,
2026-07-04,63088.3047,1779.033,
2026-07-05,63547.8828,1783.006,
2026-07-06,63995.0156,1797.5737,749.4191
2026-07-07,63297.3945,1768.5115,745.8579
2026-07-08,62257.5742,1742.6776,743.5536
2026-07-09,63193.1484,1744.4846,749.848
2026-07-10,64127.1406,1795.6932,753.08
2026-07-11,63802.0273,1788.0996,
2026-07-12,63758.2188,1805.7881,
2026-07-13,62239.1211,1773.5007,747.3143
2026-07-14,64956.1133,1889.4799,749.9677
2026-07-15,64712.375,1916.9437,752.9403
2026-07-16,63789.2812,1863.1934,748.8604
2026-07-17,63899.4609,1840.9882,741.4488
2026-07-18,64796.6016,1861.3921,
2026-07-19,64690.8047,1871.5085,
2026-07-20,65230.0273,1903.7589,740.2518
2026-07-21,66505.125,1928.3838,746.4265
2026-07-22,66100.7969,1933.4901,745.5586
2026-07-23,65044.8125,1877.1002,736.3515
2026-07-24,64098.4961,1860.1768,737.0996
2026-07-25,64311.8125,1873.2224,
2026-07-26,65340.3008,1953.4113,
2026-07-27,63724.8984,1890.6135,737.2593
2026-07-28,63871.3633,1919.9485,739.0248
2026-07-29,63908.168,1908.519,727.6531
2026-07-30,64725.3086,1917.3729,739.8528
2026-07-31,62813.7461,1860.3459,745.1796
2026-08-01,62763.3203,1843.4177,
2026-08-02,63482.0,1882.522,
2026-08-03,63460.8984,1858.2565,755.7932
2026-08-04,64055.9531,1868.3859,769.4194
2026-08-05,64597.5,1906.526,767.8832
2026-08-06,64262.1133,1902.0575,766.6562
2026-08-07,64880.1914,1913.2794,771.3446
2026-08-08,64904.6875,1915.533,
2026-08-09,64844.8867,1908.6827,
2026-08-10,63910.5859,1871.2787,771.1152
2026-08-11,63551.875,1881.3735,768.6513
2026-08-12,63402.4336,1878.135,770.5765
2026-08-13,63402.1719,1883.9913,775.9532
2026-08-14,62975.5938,1880.65,774.417
2026-08-15,63024.3203,1880.9083,
2026-08-16,62818.6523,1873.943,
2026-08-17,64506.2539,1912.2021,770.756
2026-08-18,64680.7109,1916.4596,765.549
2026-08-19,69266.1875,2251.458,767.155
2026-08-20,73032.7578,2326.3848,760.711
2026-08-21,78335.1875,2515.2817,763.8232
2026-08-22,77083.4141,2424.2512,
2026-08-23,77755.2656,2463.8159,
2026-08-24,78964.4844,2481.8313,761.5788
2026-08-25,78564.9766,2443.1594,764.0128
2026-08-26,79027.4219,2506.261,764.1824
2026-08-27,80257.5391,2510.4102,769.1899
2026-08-28,77830.2891,2442.5359,767.4443
2026-08-29,78245.8125,2457.6863,
2026-08-30,77667.5703,2417.9387,
2026-08-31,78548.6328,2466.8203,765.15
2026-09-01,77403.625,2417.842,759.8931
2026-09-02,77300.4766,2391.501,763.2646
2026-09-03,81271.7422,2508.0208,771.2548
2026-09-04,79671.9688,2456.0781,768.2822
2026-09-05,79823.8672,2480.7356,
2026-09-06,80350.0469,2514.5488,
2026-09-07,79115.8516,2490.958,
2026-09-08,78438.5781,2484.9414,764.0627
2026-09-09,78259.5234,2466.9138,760.5115
2026-09-10,76568.125,2437.0986,755.9528
2026-09-11,77173.7969,2514.7339,762.3968
2026-09-12,77270.4688,2525.9446,
2026-09-13,76838.1562,2477.0208,
2026-09-14,78163.3828,2514.407,758.9952
2026-09-15,75612.5078,2399.0869,755.5139
2026-09-16,76150.3203,2416.1199,752.1822
2026-09-17,76403.7734,2447.1067,760.711
2026-09-18,80901.4609,2611.3472,761.69
2026-09-19,81233.6797,2631.9626,
2026-09-20,81142.6094,2642.9976,
2026-09-21,86602.9141,2776.4683,773.5
2026-09-22,86172.2812,2752.6326,773.38
2026-09-23,84383.0078,2684.6919,767.81
2026-09-24,84379.0625,2687.3015,767.18
2026-09-25,84034.9219,2690.4756,771.35
2026-09-26,84406.4531,2695.2131,
2026-09-27,84458.0859,2686.9268,
2026-09-28,83502.6094,2688.6687,765.61
2026-09-29,83622.4297,2676.7222,764.2
2026-09-30,83553.8516,2683.6794,762.63
2026-10-01,84853.1016,2705.5371,763.99
2026-10-02,84497.2109,2668.1511,769.64
2026-10-03,84763.5781,2687.2554,
2026-10-04,86480.3047,2726.509,
2026-10-05,85786.5938,2711.0315,774.83
2026-10-06,85557.5625,2697.5164,779.09
